"when","monitor_ambient_1","monitor_ambient_2","pipe_inlet","pipe_outlet","sensor_A","sensor_AB","sensor_CD","sensor_EF","sensor_F","sensor_G","sensor_GH","sensor_H","sensor_K","sensor_L","sensor_M","sensor_N","sensor_O","sensor_Q","sensor_T","sensor_U","sensor_X","sensor_Z"
"2018.09.16_17",24.5781 ,24.5382 ,24.5511 ,24.1761 ,47.6591 ,52.7431 ,61.6458 ,59.7454 ,63.4537 ,61.4398 ,58.4259 ,24.3864 , , , ,53.8125 ,49.3241 ,63.5185 ,69.5579 ,60.7477 , ,54.7269 
"2018.09.16_18",24.4688 ,23.7080 ,23.7369 ,23.0907 ,42.9708 ,53.0544 ,62.2288 ,58.5716 ,63.5181 ,61.4929 ,58.0020 ,23.2883 , , , ,48.7833 ,49.6956 ,63.5877 ,69.6351 ,60.7067 , ,54.2440 
"2018.09.16_19",25.0323 ,23.1315 ,23.6421 ,21.9173 ,50.9385 ,53.4415 ,62.7046 ,58.0433 ,63.6704 ,61.5544 ,57.4748 ,22.1673 , , , ,53.7379 ,50.1169 ,63.5161 ,69.7359 ,60.6976 , ,54.3710 
"2018.09.16_20",24.9623 ,22.6789 ,22.1754 ,21.0202 ,54.0776 ,53.7944 ,62.9355 ,59.1331 ,63.9204 ,61.6522 ,57.7379 ,21.2177 , , , ,57.0192 ,50.3942 ,63.3417 ,69.9960 ,60.7510 , ,54.8347 
"2018.09.16_21",24.7705 ,22.3664 ,20.9808 ,20.3206 ,55.6633 ,54.0756 ,63.0353 ,60.5645 ,64.2087 ,61.7319 ,58.4022 ,20.4788 , , , ,59.0030 ,50.5958 ,63.2097 ,70.3750 ,60.8054 , ,55.0756 
"2018.09.16_22",24.5216 ,21.7920 ,19.9708 ,19.5050 ,56.4254 ,54.3054 ,63.2349 ,61.8982 ,64.5101 ,61.8266 ,59.2117 ,19.6069 , , , ,60.2198 ,50.7308 ,63.2359 ,70.8125 ,60.8750 , ,55.1744 
"2018.09.16_23",24.1441 ,21.5826 ,19.3427 ,19.1290 ,56.7812 ,54.4466 ,63.3911 ,63.0323 ,64.8155 ,61.9012 ,60.0554 ,19.2611 , , , ,60.9990 ,50.8065 ,63.3992 ,71.2419 ,60.9617 , ,55.1875 
"2018.09.17_00",23.9774 ,21.2080 ,18.7147 ,18.5252 ,57.1260 ,54.5353 ,63.5615 ,64.0111 ,65.1190 ,61.9829 ,60.8740 ,18.5877 , , , ,61.4919 ,50.8518 ,63.6593 ,71.6361 ,61.0333 , ,55.1875 
"2018.09.17_01",23.7640 ,20.9806 ,18.2272 ,18.2004 ,57.2024 ,54.5625 ,63.4950 ,64.8609 ,65.4143 ,62.0736 ,61.6502 ,18.2520 , , , ,61.8337 ,50.8125 ,63.9869 ,71.9839 ,61.1089 , ,55.1875 
"2018.09.17_02",23.5754 ,20.7532 ,17.8417 ,17.9476 ,57.2369 ,54.5605 ,63.5534 ,65.5716 ,65.6986 ,62.1593 ,62.3921 ,18.0272 , , , ,62.0675 ,50.8095 ,64.3427 ,72.2702 ,61.1714 , ,55.2117 
"2018.09.17_03",23.3190 ,20.5776 ,17.6915 ,17.7288 ,57.2470 ,54.5181 ,63.6754 ,66.1321 ,65.9627 ,62.2429 ,63.0817 ,17.8095 , , , ,62.2581 ,50.7661 ,64.7016 ,72.5071 ,61.2329 , ,55.2500 
"2018.09.17_04",23.1627 ,20.3987 ,17.6361 ,17.7137 ,57.0554 ,54.4698 ,63.7974 ,66.5968 ,66.2147 ,62.3337 ,63.7238 ,17.8054 , , , ,62.4143 ,50.7954 ,65.0635 ,72.7036 ,61.2712 , ,55.2500 
"2018.09.17_05",23.0117 ,20.1379 ,17.3478 ,17.3397 ,56.6925 ,54.3649 ,63.9758 ,66.9950 ,66.4506 ,62.4093 ,64.3216 ,17.4032 , , , ,62.5212 ,50.7631 ,65.4113 ,72.8468 ,61.3125 , ,55.3014 
"2018.09.17_06",22.7522 ,19.9809 ,16.8468 ,16.8831 ,56.5675 ,54.2798 ,64.1270 ,67.3343 ,66.6825 ,62.4851 ,64.8760 ,16.9163 , , , ,62.5913 ,50.7440 ,65.7411 ,72.9653 ,61.3433 , ,55.3125 
"2018.09.17_07",22.5528 ,19.9073 ,16.8367 ,17.1069 ,56.4506 ,54.1804 ,64.2157 ,67.6200 ,66.9093 ,62.5766 ,65.3962 ,17.2903 , , , ,62.6613 ,50.6623 ,66.0565 ,73.0423 ,61.3750 , ,55.3125 
"2018.09.17_08",22.6466 ,20.2338 ,17.9194 ,18.3599 ,56.2540 ,54.0927 ,64.2954 ,67.8558 ,67.1250 ,62.6492 ,65.8679 ,18.6794 , , , ,62.7218 ,50.6250 ,66.3387 ,73.0817 ,61.3750 , ,55.3397 
"2018.09.17_09",23.0259 ,20.6950 ,19.8377 ,20.8256 ,56.0111 ,53.9325 ,64.2802 ,68.0897 ,67.3256 ,62.7036 ,66.3185 ,21.3276 , , , ,62.8417 ,50.5917 ,66.5948 ,73.1230 ,61.3780 , ,55.4375 
"2018.09.17_10",23.6606 ,21.2672 ,21.5897 ,22.0524 ,55.4173 ,53.7641 ,63.9849 ,68.3548 ,67.5060 ,62.7571 ,66.7631 ,22.5544 , , , ,63.0111 ,50.5625 ,66.8327 ,73.0776 ,61.3851 , ,55.5827 
"2018.09.17_11",24.0244 ,21.9566 ,24.2127 ,24.4335 ,54.8266 ,53.6300 ,63.7006 ,68.5383 ,67.6724 ,62.8125 ,67.1784 ,24.8679 , , , ,63.0403 ,50.5746 ,67.0413 ,73.0565 ,61.3790 , ,55.7379 
"2018.09.17_12",24.3545 ,22.6412 ,26.1431 ,25.8760 ,53.6734 ,53.4748 ,63.2056 ,68.7389 ,67.8105 ,62.8558 ,67.5625 ,26.1935 , , , ,63.1734 ,50.5565 ,67.2339 ,73.0040 ,61.3750 , ,55.9284 
"2018.09.17_13",25.1756 ,23.4612 ,27.1966 ,26.9456 ,51.8327 ,53.4012 ,61.4526 ,69.0554 ,67.9466 ,62.8750 ,67.9647 ,27.4133 , , , ,63.5565 ,50.4153 ,67.4133 ,72.9486 ,61.3750 , ,56.1341 
"2018.09.17_14",25.0230 ,23.5417 ,26.5360 ,25.5021 ,51.5625 ,53.3279 ,60.3227 ,69.2439 ,68.0738 ,62.9088 ,68.3186 ,25.8263 , , , ,63.4518 ,50.3053 ,67.5799 ,72.8863 ,61.3750 , ,56.2920 
"2018.09.17_15",24.6050 ,23.4700 ,25.4461 ,24.4735 ,52.7671 ,53.2337 ,61.1524 ,69.2320 ,68.2021 ,62.9443 ,68.5908 ,24.6498 , , , ,63.2988 ,50.4666 ,67.7414 ,72.8348 ,61.3408 , ,56.3938 
"2018.09.17_16",24.3211 ,23.2920 ,23.9677 ,23.3800 ,53.1401 ,53.1482 ,61.5554 ,69.1875 ,68.3065 ,62.9829 ,68.8115 ,23.6603 , , , ,63.3095 ,50.6593 ,67.8891 ,72.7812 ,61.3125 , ,56.4728 
"2018.09.17_17",23.2521 ,23.7977 ,23.2520 ,22.8034 ,54.0302 ,53.1119 ,59.9496 ,69.1875 ,68.4244 ,63.0000 ,69.0171 ,23.7480 , , , ,63.3992 ,50.8337 ,68.0403 ,72.7329 ,61.3024 , ,56.5685 
"2018.09.17_18",22.7425 ,23.1433 ,22.4752 ,22.1270 ,54.4931 ,53.0645 ,58.7014 ,69.1875 ,68.5387 ,63.0516 ,69.1994 ,22.9494 , , , ,63.4921 ,51.0575 ,68.1786 ,72.6825 ,61.2540 , ,56.6429 
"2018.09.17_19",22.5700 ,22.9903 ,22.0252 ,21.9940 ,50.1190 ,53.0796 ,58.5403 ,69.0181 ,68.6663 ,63.0847 ,69.3468 ,22.7903 , , , ,59.9153 ,51.2812 ,68.3135 ,72.6270 ,61.2500 , ,56.5988 
"2018.09.17_20",22.2726 ,22.7123 ,22.7520 ,21.6512 ,36.6996 ,53.2087 ,59.0988 ,65.1190 ,68.7500 ,63.1250 ,68.0514 ,22.4839 , , , ,47.8075 ,51.4839 ,68.4234 ,72.4849 ,61.2500 , ,54.9325 
"2018.09.17_21",21.9300 ,22.3265 ,23.3448 ,21.3649 ,48.2177 ,53.3538 ,59.2500 ,63.3327 ,68.7500 ,63.1250 ,66.5565 ,22.1300 , , , ,54.4718 ,51.6220 ,68.2964 ,72.0575 ,61.2500 , ,54.8105 
"2018.09.17_22",21.7320 ,22.1208 ,22.5050 ,21.2429 ,50.7621 ,53.4859 ,58.9587 ,64.0262 ,68.8266 ,63.1552 ,66.4940 ,21.9254 , , , ,57.8639 ,51.6865 ,67.9123 ,71.7339 ,61.2460 , ,55.6250 
"2018.09.17_23",21.6422 ,22.0399 ,23.4425 ,21.2288 ,45.7792 ,53.6381 ,58.7621 ,63.2933 ,68.9173 ,63.1835 ,66.4083 ,21.8448 , , , ,52.0141 ,51.7107 ,67.5333 ,71.5252 ,61.2500 , ,55.1139 
"2018.09.18_00",21.5528 ,21.9666 ,22.6018 ,21.1260 ,51.2692 ,53.7631 ,58.5151 ,63.1240 ,68.9788 ,63.1875 ,66.0726 ,21.7651 , , , ,56.9254 ,51.6895 ,67.2359 ,71.3135 ,61.2500 , ,55.3196 
"2018.09.18_01",21.3373 ,21.7446 ,21.3518 ,20.9819 ,52.8145 ,53.8065 ,58.1754 ,64.1663 ,69.0766 ,63.1875 ,66.4435 ,21.5373 , , , ,59.6744 ,51.6694 ,66.9385 ,71.1704 ,61.2500 , ,55.8871 
"2018.09.18_02",21.5927 ,21.9224 ,21.1845 ,21.4183 ,53.1815 ,53.7611 ,57.9325 ,65.2379 ,69.1794 ,63.1815 ,67.0403 ,21.7752 , , , ,61.1552 ,51.6048 ,66.7258 ,71.1250 ,61.2913 , ,56.2198 
"2018.09.18_03",22.0307 ,22.3729 ,21.5877 ,21.9022 ,52.4083 ,53.7056 ,57.1038 ,66.2268 ,69.2833 ,63.1431 ,67.6613 ,22.2440 , , , ,62.2117 ,51.4395 ,66.6381 ,71.1250 ,61.3125 , ,56.4738 
"2018.09.18_04",22.2220 ,22.5884 ,21.7460 ,22.0514 ,52.0565 ,53.6774 ,56.4889 ,67.0706 ,69.3639 ,63.1250 ,68.2329 ,22.4355 , , , ,62.7712 ,51.3286 ,66.7087 ,71.1310 ,61.3438 , ,56.6603 
"2018.09.18_05",22.3147 ,22.6907 ,21.7722 ,22.0907 ,52.1542 ,53.6502 ,56.7006 ,67.7026 ,69.4476 ,63.1250 ,68.7460 ,22.5151 , , , ,63.0948 ,51.3175 ,66.8417 ,71.1865 ,61.3750 , ,56.7732 
"2018.09.18_06",22.4030 ,22.7866 ,21.8931 ,22.1562 ,52.1956 ,53.6331 ,56.7480 ,68.1462 ,69.5262 ,63.1250 ,69.1794 ,22.6089 , , , ,63.2692 ,51.2581 ,67.0282 ,71.2339 ,61.3750 , ,56.8558 
"2018.09.18_07",22.5413 ,22.8815 ,22.0847 ,22.2812 ,51.9950 ,53.6845 ,54.6522 ,68.5272 ,69.6058 ,63.1280 ,69.5504 ,22.7359 , , , ,63.5484 ,51.1986 ,67.2298 ,71.2520 ,61.3790 , ,56.9466 
"2018.09.18_08",22.8481 ,23.1949 ,22.4637 ,22.6058 ,49.8004 ,53.6954 ,55.4841 ,68.9315 ,69.6677 ,63.1319 ,69.9196 ,23.0433 , , , ,63.8790 ,51.1875 ,67.4385 ,71.2738 ,61.4137 , ,57.0734 
"2018.09.18_09",23.0582 ,23.4418 ,22.7272 ,22.7946 ,49.9812 ,53.7429 ,55.5837 ,69.2107 ,69.7077 ,63.1704 ,70.2298 ,23.2788 , , , ,63.9002 ,51.1875 ,67.6431 ,71.3004 ,61.4183 , ,57.1562 
"2018.09.18_10",23.3631 ,23.7716 ,23.1835 ,23.1210 ,51.9032 ,53.7500 ,56.0050 ,69.3528 ,69.7500 ,63.1875 ,70.4758 ,23.5827 , , , ,63.9093 ,51.2228 ,67.8367 ,71.3115 ,61.4022 , ,57.1875 
"2018.09.18_11",23.5043 ,23.9267 ,23.2510 ,22.9073 ,52.9617 ,53.7601 ,56.4899 ,69.4577 ,69.8095 ,63.1875 ,70.7117 ,23.6885 , , , ,63.9950 ,51.2500 ,68.0212 ,71.2853 ,61.3780 , ,57.2208 
"2018.09.18_12",22.1684 ,22.5826 ,21.0786 ,21.3750 ,54.3034 ,53.8135 ,57.1794 ,69.4647 ,69.8387 ,63.2177 ,70.9294 ,22.3458 , , , ,64.0333 ,51.1815 ,68.2036 ,71.2591 ,61.3750 , ,57.1079 
"2018.09.18_13",21.7392 ,22.1379 ,20.8327 ,21.2218 ,54.8488 ,53.8387 ,58.0292 ,69.4103 ,69.8871 ,63.2500 ,71.0494 ,21.9446 , , , ,64.0081 ,51.0202 ,68.3790 ,71.2500 ,61.3750 , ,56.9788 
"2018.09.18_14",21.7241 ,22.1541 ,21.0121 ,21.3105 ,55.1008 ,53.8700 ,58.7550 ,69.3649 ,69.9446 ,63.2651 ,71.1442 ,21.9284 , , , ,63.9526 ,50.8881 ,68.5333 ,71.1956 ,61.3750 , ,56.9294 
"2018.09.18_15",21.8728 ,22.3168 ,22.5484 ,21.5605 ,39.0111 ,53.8780 ,59.3095 ,67.2500 ,70.0232 ,63.3125 ,70.5917 ,22.0837 , , , ,50.4456 ,50.8125 ,68.6613 ,71.0948 ,61.3649 , ,55.9073 
"2018.09.18_16",22.2996 ,22.7726 ,23.3619 ,21.9335 ,44.4294 ,53.9435 ,59.5776 ,63.5433 ,70.0020 ,63.3125 ,68.5131 ,22.5030 , , , ,52.4647 ,50.8125 ,68.6704 ,70.7893 ,61.3135 , ,54.6210 
"2018.09.18_17",22.4386 ,22.9534 ,23.2288 ,21.9284 ,49.5958 ,53.9990 ,59.2621 ,63.5645 ,70.0000 ,63.3125 ,67.7863 ,22.6552 , , , ,57.3649 ,50.8125 ,68.3649 ,70.3558 ,61.2833 , ,55.3579 
"2018.09.18_18",22.1735 ,22.6961 ,22.0877 ,21.7036 ,51.2692 ,54.0000 ,58.9254 ,64.5413 ,70.0000 ,63.3125 ,67.9022 ,22.4173 , , , ,59.8690 ,50.7671 ,67.9405 ,70.0363 ,61.2490 , ,55.9214 
"2018.09.18_19",21.8276 ,22.3254 ,21.0917 ,21.2218 ,52.1522 ,53.9556 ,58.6401 ,65.5020 ,70.0484 ,63.3125 ,68.2752 ,22.0605 , , , ,61.2752 ,50.6804 ,67.6169 ,69.8498 ,61.2006 , ,56.2097 
"2018.09.18_20",21.5022 ,21.9677 ,20.4083 ,20.9052 ,52.6522 ,53.9062 ,58.4395 ,66.2692 ,70.0897 ,63.3125 ,68.6986 ,21.7157 , , , ,62.0585 ,50.5948 ,67.4617 ,69.7389 ,61.1875 , ,56.3478 
"2018.09.18_21",21.0776 ,21.5582 ,19.8831 ,20.4153 ,52.8982 ,53.8276 ,58.3387 ,66.8498 ,70.1411 ,63.3125 ,69.0958 ,21.2954 , , , ,62.4728 ,50.4647 ,67.4395 ,69.6764 ,61.1744 , ,56.4123 
"2018.09.18_22",20.7119 ,21.2193 ,22.0978 ,20.1149 ,35.5423 ,53.7792 ,59.1351 ,65.2994 ,70.2167 ,63.3125 ,68.8569 ,20.9597 , , , ,48.1018 ,50.3317 ,67.5121 ,69.6109 ,61.1341 , ,55.3780 
"2018.09.18_23",20.5000 ,21.0032 ,20.8194 ,19.8978 ,40.5228 ,53.8671 ,60.1310 ,61.4940 ,70.1935 ,63.3125 ,66.8631 ,20.7371 , , , ,48.3016 ,50.2153 ,67.5278 ,69.3621 ,61.1250 , ,53.7679 
"2018.09.19_00",20.3341 ,20.8427 ,20.0010 ,19.7167 ,47.0292 ,53.8397 ,60.7460 ,61.3690 ,70.1875 ,63.3125 ,66.0060 ,20.5675 , , , ,54.2752 ,50.0756 ,67.2470 ,68.9698 ,61.1250 , ,54.4476 
"2018.09.19_01",20.0431 ,20.5399 ,19.3659 ,19.4365 ,49.1069 ,53.7379 ,61.0222 ,62.5030 ,70.1875 ,63.3075 ,66.1371 ,20.2641 , , , ,57.6210 ,49.9173 ,66.8175 ,68.6946 ,61.1250 , ,55.0796 
"2018.09.19_02",19.6377 ,20.1017 ,18.7198 ,19.0534 ,50.2067 ,53.6069 ,61.0433 ,63.7137 ,70.1895 ,63.2671 ,66.6119 ,19.8407 , , , ,59.5857 ,49.7359 ,66.4798 ,68.5484 ,61.1210 , ,55.3911 
"2018.09.19_03",19.3006 ,19.7726 ,18.3669 ,18.8075 ,50.5373 ,53.3962 ,60.9879 ,64.7278 ,70.2450 ,63.2500 ,67.1784 ,19.5353 , , , ,60.7107 ,49.5383 ,66.3115 ,68.5000 ,61.1220 , ,55.5726 
"2018.09.19_04",19.0754 ,19.5323 ,17.9677 ,18.6200 ,50.5968 ,53.1784 ,60.8004 ,65.5242 ,70.2611 ,63.2500 ,67.7188 ,19.2883 , , , ,61.3589 ,49.3347 ,66.2833 ,68.5000 ,61.1190 , ,55.6673 
"2018.09.19_05",19.0248 ,19.5172 ,17.9183 ,18.6956 ,50.6220 ,52.9748 ,60.4728 ,66.1169 ,70.3115 ,63.2298 ,68.1895 ,19.2621 , , , ,61.7571 ,49.1179 ,66.3720 ,68.5000 ,61.1210 , ,55.6875 
"2018.09.19_06",19.0625 ,19.5593 ,18.0635 ,18.7641 ,50.6069 ,52.7450 ,60.2792 ,66.5696 ,70.3236 ,63.1885 ,68.5948 ,19.3125 , , , ,61.9829 ,48.9456 ,66.5091 ,68.5192 ,61.1099 , ,55.7238 
"2018.09.19_07",19.0816 ,19.5826 ,19.7440 ,18.8306 ,45.3780 ,52.4960 ,60.1442 ,66.6250 ,70.3690 ,63.1875 ,68.8931 ,19.3327 , , , ,56.8639 ,48.7974 ,66.6825 ,68.5625 ,61.0817 , ,55.5726 
"2018.09.19_08",19.4181 ,19.8955 ,21.3619 ,19.3306 ,36.0917 ,52.3276 ,60.0938 ,63.0635 ,70.3750 ,63.1734 ,67.6371 ,19.6573 , , , ,47.4274 ,48.7409 ,66.8448 ,68.4970 ,61.0625 , ,53.8044 
"2018.09.19_09",20.5938 ,21.1110 ,21.5181 ,20.5091 ,44.4859 ,52.1855 ,59.9446 ,61.8075 ,70.3296 ,63.1250 ,66.3105 ,20.8165 , , , ,53.5756 ,48.6875 ,66.7933 ,68.2228 ,61.0625 , ,53.9788 
"2018.09.19_10",21.8416 ,22.4041 ,23.1210 ,21.6966 ,48.4556 ,52.0998 ,59.5645 ,62.5907 ,70.3125 ,63.1179 ,66.1794 ,22.0756 , , , ,57.0353 ,48.6875 ,66.4950 ,67.9960 ,61.0161 , ,54.6744 
"2018.09.19_11",22.8545 ,23.5474 ,25.3085 ,22.3800 ,50.6210 ,52.0625 ,59.1401 ,63.6321 ,70.2873 ,63.0635 ,66.5121 ,23.1159 , , , ,59.1714 ,48.6552 ,66.2036 ,67.8891 ,61.0000 , ,55.0595 
"2018.09.19_12",23.5201 ,24.3019 ,26.3236 ,23.0111 ,52.0786 ,52.0746 ,58.5161 ,64.5252 ,70.2550 ,63.0302 ,66.9950 ,23.7712 , , , ,60.5655 ,48.5998 ,66.0655 ,67.8306 ,60.9637 , ,55.2399 
"2018.09.19_13",24.1175 ,24.9073 ,26.4103 ,23.4587 ,52.7742 ,52.1468 ,57.8175 ,65.2381 ,70.2500 ,63.0000 ,67.5030 ,24.3851 , , , ,61.4464 ,48.5625 ,66.0655 ,67.7937 ,60.9375 , ,55.3393 
"2018.09.19_14",23.9052 ,24.5776 ,25.9097 ,23.2976 ,53.1756 ,52.2167 ,57.3498 ,65.7853 ,70.2500 ,62.9496 ,67.9607 ,24.1399 , , , ,61.9365 ,48.5625 ,66.1623 ,67.7440 ,60.9062 , ,55.4385 
"2018.09.19_15",23.4978 ,24.0819 ,24.7913 ,22.8528 ,52.9929 ,52.1925 ,57.1855 ,66.2349 ,70.2500 ,62.9375 ,68.3518 ,23.7238 , , , ,62.1835 ,48.5625 ,66.3175 ,67.6885 ,60.8589 , ,55.5494 
"2018.09.19_16",23.2877 ,23.7996 ,23.5171 ,22.6623 ,45.7742 ,52.1270 ,57.2218 ,66.3155 ,70.2248 ,62.9304 ,68.6331 ,23.4788 , , , ,57.0040 ,48.5645 ,66.5020 ,67.6462 ,60.7944 , ,55.4718 
"2018.09.19_17",22.8093 ,23.3252 ,23.0101 ,22.1341 ,33.1966 ,51.8841 ,57.2540 ,62.4859 ,70.1956 ,62.8800 ,67.2621 ,23.0312 , , , ,44.5192 ,48.6250 ,66.6633 ,67.5605 ,60.7379 , ,53.5383 
"2018.09.19_18",22.1153 ,22.6228 ,22.5101 ,21.3054 ,36.0830 ,51.5988 ,57.3327 ,59.5181 ,70.0847 ,62.8558 ,65.2500 ,22.3367 , , , ,44.1250 ,48.6250 ,66.6109 ,67.2323 ,60.6653 , ,52.5222 
"2018.09.19_19",21.3157 ,21.7931 ,21.7883 ,20.4738 , ,51.5635 ,57.3730 ,57.9819 ,69.9718 ,62.8125 ,63.9022 ,21.5373 , , , ,43.7369 ,48.6240 ,66.2188 ,66.7611 ,60.5907 , ,52.1724 
"2018.09.19_20",20.6056 ,21.0474 ,19.9244 ,19.9173 , ,51.5353 ,57.3044 ,57.6804 ,69.8750 ,62.7782 ,63.1048 ,20.8135 , , , ,48.6542 ,48.5282 ,65.6603 ,66.3024 ,60.5171 , ,52.5817 
"2018.09.19_21",19.9914 ,20.3815 ,19.1603 ,19.4315 , ,51.3569 ,57.2812 ,58.8145 ,69.8135 ,62.7490 ,63.1270 ,20.1885 , , , ,52.7450 ,48.3357 ,65.0756 ,65.9345 ,60.4446 , ,53.4526 
"2018.09.19_22",19.7828 ,20.1917 ,19.0222 ,19.2440 , ,51.1391 ,57.1381 ,60.2268 ,69.7954 ,62.6925 ,63.5887 ,19.9879 , , , ,55.5474 ,48.1986 ,64.5988 ,65.7077 ,60.3841 , ,54.0010 
"2018.09.19_23",19.1918 ,19.6056 ,18.6714 ,18.5776 , ,50.8659 ,57.0262 ,61.5161 ,69.7530 ,62.6442 ,64.2137 ,19.4073 , , , ,57.4335 ,48.0847 ,64.3125 ,65.6240 ,60.3427 , ,54.3367 
"2018.09.20_00",18.7101 ,19.0873 ,18.4738 ,18.1804 , ,50.5575 ,56.9264 ,62.5897 ,69.7500 ,62.5998 ,64.8730 ,18.8881 , , , ,58.6724 ,47.9335 ,64.1925 ,65.6250 ,60.3125 , ,54.5433 
"2018.09.20_01",18.1422 ,18.5312 ,18.1038 ,17.6774 , ,50.1895 ,56.8216 ,63.4486 ,69.7500 ,62.5625 ,65.4829 ,18.3226 , , , ,59.4113 ,47.7429 ,64.2369 ,65.6573 ,60.2681 , ,54.6663 
"2018.09.20_02",17.5237 ,17.9030 ,17.6341 ,17.0161 , ,49.7853 ,56.6804 ,64.1361 ,69.7500 ,62.5091 ,66.0333 ,17.6946 , , , ,59.8800 ,47.4950 ,64.3730 ,65.7389 ,60.2500 , ,54.7218 
"2018.09.20_03",17.1165 ,17.4640 ,17.1532 ,16.6613 , ,49.3619 ,56.4052 ,64.6845 ,69.7500 ,62.4990 ,66.5141 ,17.2742 , , , ,60.2308 ,47.2056 ,64.5726 ,65.8377 ,60.2409 , ,54.7681 
"2018.09.20_04",16.7177 ,17.1562 ,16.8155 ,16.3413 , ,48.8919 ,56.1389 ,65.1230 ,69.7143 ,62.4524 ,66.9296 ,16.9355 , , , ,60.4345 ,46.9048 ,64.7946 ,65.9355 ,60.1895 , ,54.8125 
"2018.09.20_05",16.2640 ,16.6875 ,16.4345 ,15.8196 , ,48.3952 ,55.9587 ,65.4667 ,69.6885 ,62.4375 ,67.2823 ,16.4647 , , , ,60.5181 ,46.6230 ,65.0292 ,66.0282 ,60.1855 , ,54.8125 
"2018.09.20_06",16.0237 ,16.3987 ,16.0978 ,15.6502 , ,47.9304 ,55.7702 ,65.7339 ,69.6855 ,62.4173 ,67.5746 ,16.2087 , , , ,60.6260 ,46.3589 ,65.2601 ,66.1048 ,60.1310 , ,54.8044 
"2018.09.20_07",16.0042 ,16.4153 ,16.0595 ,15.7006 , ,47.5333 ,55.5565 ,65.9486 ,69.6431 ,62.3750 ,67.8286 ,16.2147 , , , ,60.7369 ,46.0968 ,65.4839 ,66.1764 ,60.0998 , ,54.7520 
"2018.09.20_08",15.9634 ,16.3459 ,16.3518 ,15.7147 , ,47.0998 ,55.4546 ,66.1169 ,69.6250 ,62.3730 ,68.0323 ,16.1431 , , , ,60.7167 ,45.8851 ,65.6875 ,66.2359 ,60.0554 , ,54.7490 
"2018.09.20_09",16.0517 ,16.4666 ,16.8296 ,15.9012 , ,46.6774 ,55.3589 ,66.2339 ,69.6250 ,62.3196 ,68.1915 ,16.2329 , , , ,60.6583 ,45.6734 ,65.8780 ,66.2742 ,59.9980 , ,54.7077 
"2018.09.20_10",16.4731 ,16.9720 ,17.6502 ,16.3589 , ,46.3246 ,55.3175 ,66.3417 ,69.6230 ,62.3095 ,68.3236 ,16.6825 , , , ,60.7087 ,45.4456 ,66.0544 ,66.3125 ,59.9456 , ,54.6875 
"2018.09.20_11",17.3039 ,17.8912 ,19.3226 ,17.0817 , ,46.0917 ,55.2046 ,66.4163 ,69.5847 ,62.2510 ,68.4365 ,17.5171 , , , ,60.7772 ,45.2823 ,66.2036 ,66.3125 ,59.8851 , ,54.6875 
"2018.09.20_12",17.9481 ,18.6017 ,20.3065 ,17.7268 , ,45.8246 ,55.2470 ,66.4708 ,69.5635 ,62.2208 ,68.5302 ,18.1835 , , , ,60.7903 ,45.1996 ,66.3478 ,66.3125 ,59.8226 , ,54.6875 
"2018.09.20_13",18.5151 ,19.1724 ,21.0615 ,18.3044 , ,45.5595 ,55.3085 ,66.5141 ,69.5625 ,62.1845 ,68.5978 ,18.7500 , , , ,60.6845 ,45.0726 ,66.4718 ,66.3175 ,59.7581 , ,54.6905 
"2018.09.20_14",19.1681 ,19.8524 ,21.6270 ,18.8780 , ,45.3438 ,55.3125 ,66.5645 ,69.5595 ,62.1260 ,68.6542 ,19.4204 , , , ,60.7470 ,44.9788 ,66.5897 ,66.3155 ,59.6905 , ,54.7288 
"2018.09.20_15",19.6638 ,20.2478 ,21.5403 ,19.4365 , ,45.1946 ,55.3085 ,66.6220 ,69.5333 ,62.0847 ,68.6905 ,19.8901 , , , ,60.7571 ,44.8226 ,66.6825 ,66.3125 ,59.6149 , ,54.7500 
"2018.09.20_16",19.5528 ,20.1390 ,21.0514 ,19.1804 , ,45.0524 ,55.3155 ,66.6230 ,69.5010 ,62.0413 ,68.7349 ,19.7903 , , , ,60.6482 ,44.7994 ,66.7752 ,66.3125 ,59.5433 , ,54.7500 
"2018.09.20_17",19.2225 ,19.7595 ,19.9062 ,18.6935 , ,44.9254 ,55.2167 ,66.6190 ,69.4899 ,61.9990 ,68.7500 ,19.4688 , , , ,60.6855 ,44.8468 ,66.8538 ,66.3125 ,59.4728 , ,54.7510 
"2018.09.20_18",19.0011 ,19.5119 ,19.2228 ,18.4849 , ,44.8155 ,55.0823 ,66.5903 ,69.4385 ,61.9544 ,68.7500 ,19.2611 , , , ,60.6935 ,44.8750 ,66.9286 ,66.3125 ,59.4008 , ,54.7500 
"2018.09.20_19",18.1864 ,18.6606 ,17.8909 ,17.6558 , ,44.7067 ,55.0645 ,66.5635 ,69.4375 ,61.9355 ,68.7681 ,18.4276 , , , ,60.6744 ,44.8276 ,66.9960 ,66.2883 ,59.3317 , ,54.6935 
"2018.09.20_20",17.7015 ,18.1562 ,17.5060 ,17.3115 , ,44.5625 ,55.1875 ,66.5343 ,69.4375 ,61.8871 ,68.7520 ,17.9153 , , , ,60.4990 ,44.7540 ,67.0565 ,66.2500 ,59.2702 , ,54.6804 
"2018.09.20_21",17.5754 ,17.9774 ,17.4546 ,17.3014 , ,44.4173 ,55.3700 ,66.4909 ,69.4375 ,61.8750 ,68.7429 ,17.7843 , , , ,60.3690 ,44.6815 ,67.0907 ,66.2500 ,59.2157 , ,54.6341 
"2018.09.20_22",17.6875 ,18.1081 ,17.4355 ,17.4768 , ,44.3417 ,55.3095 ,66.4375 ,69.4355 ,61.8498 ,68.6915 ,17.9123 , , , ,60.4204 ,44.5897 ,67.1250 ,66.2500 ,59.1683 , ,54.6129 
"2018.09.20_23",17.7511 ,18.2328 ,17.4042 ,17.5958 , ,44.2571 ,55.2490 ,66.4133 ,69.4335 ,61.8125 ,68.6875 ,18.0000 , , , ,60.4385 ,44.5010 ,67.1542 ,66.2409 ,59.1250 , ,54.5635 
"2018.09.21_00",17.7425 ,18.2166 ,17.3851 ,17.5282 , ,44.1633 ,55.2440 ,66.3720 ,69.4284 ,61.8115 ,68.6552 ,17.9919 , , , ,60.3740 ,44.4073 ,67.1875 ,66.2016 ,59.0685 , ,54.5393 
"2018.09.21_01",17.6562 ,18.1325 ,17.3508 ,17.3931 , ,44.0736 ,55.2500 ,66.3185 ,69.4224 ,61.7621 ,68.6179 ,17.9002 , , , ,60.2913 ,44.3387 ,67.1875 ,66.1875 ,59.0423 , ,54.5000 
"2018.09.21_02",17.4936 ,17.9364 ,17.3125 ,17.2399 , ,43.9597 ,55.3780 ,66.2470 ,69.4315 ,61.7500 ,68.5615 ,17.7208 , , , ,60.1089 ,44.2873 ,67.1875 ,66.1875 ,59.0000 , ,54.5000 
"2018.09.21_03",17.4795 ,17.9084 ,17.2490 ,17.2319 , ,43.8740 ,55.4264 ,66.1875 ,69.4042 ,61.7440 ,68.5040 ,17.7097 , , , ,60.0867 ,44.2117 ,67.1895 ,66.1875 ,58.9647 , ,54.4577 
"2018.09.21_04",17.4041 ,17.8772 ,17.1875 ,17.1341 , ,43.7913 ,55.3075 ,66.1351 ,69.3901 ,61.6946 ,68.4617 ,17.6502 , , , ,60.0444 ,44.1109 ,67.1935 ,66.1815 ,58.9375 , ,54.4375 
"2018.09.21_05",17.3761 ,17.8071 ,17.1885 ,17.1593 , ,43.6704 ,55.3659 ,66.0615 ,69.4093 ,61.6875 ,68.4012 ,17.5857 , , , ,59.8619 ,44.0212 ,67.1905 ,66.1381 ,58.8962 , ,54.4073 
"2018.09.21_06",17.3517 ,17.7521 ,17.1986 ,17.1351 , ,43.5407 ,55.4117 ,65.9802 ,69.4107 ,61.6736 ,68.3323 ,17.5524 , , , ,59.6716 ,43.8978 ,67.1875 ,66.1250 ,58.8740 , ,54.3760 
"2018.09.21_07",17.4052 ,17.8351 ,17.2674 ,17.2367 , ,43.4642 ,55.3813 ,65.9523 ,69.4108 ,61.6540 ,68.3011 ,17.6025 , , , ,59.6273 ,43.8119 ,67.2148 ,66.1517 ,58.8568 , ,54.4017 
"2018.09.21_08",17.5032 ,17.9515 ,17.4274 ,17.3589 , ,43.2964 ,55.2258 ,65.8548 ,69.3750 ,61.6250 ,68.2026 ,17.7016 , , , ,59.5010 ,43.6331 ,67.1875 ,66.1250 ,58.8125 , ,54.3750 
"2018.09.21_09",17.6121 ,18.0593 ,17.6462 ,17.4819 , ,43.1492 ,55.0514 ,65.8004 ,69.3750 ,61.5887 ,68.1421 ,17.8216 , , , ,59.4143 ,43.4849 ,67.1875 ,66.1250 ,58.7833 , ,54.3750 
"2018.09.21_10",17.7177 ,18.1800 ,17.7883 ,17.5534 , ,43.0202 ,54.8367 ,65.7500 ,69.3750 ,61.5625 ,68.0796 ,17.9244 , , , ,59.3750 ,43.3619 ,67.1875 ,66.1250 ,58.7500 , ,54.3468 
"2018.09.21_11",17.8847 ,18.3470 ,17.9597 ,17.7440 , ,42.9315 ,54.5000 ,65.7480 ,69.3750 ,61.5363 ,68.0383 ,18.1179 , , , ,59.5000 ,43.0978 ,67.1714 ,66.1149 ,58.7208 , ,54.3125 
"2018.09.21_12",18.3814 ,18.8422 ,18.6472 ,18.3155 , ,42.8558 ,54.1734 ,65.7429 ,69.3740 ,61.5000 ,67.9950 ,18.5958 , , , ,59.5242 ,42.8931 ,67.1341 ,66.0776 ,58.6875 , ,54.3125 
"2018.09.21_13",19.1530 ,19.6347 ,20.0272 ,19.0847 , ,42.7530 ,53.9859 ,65.6956 ,69.3720 ,61.4808 ,67.9385 ,19.3548 , , , ,59.4042 ,42.7611 ,67.1250 ,66.0625 ,58.6351 , ,54.3367 
"2018.09.21_14",19.2037 ,19.7274 ,19.9788 ,19.0423 , ,42.6875 ,53.7681 ,65.6734 ,69.3296 ,61.4375 ,67.8790 ,19.4405 , , , ,59.3034 ,42.6300 ,67.1200 ,66.0625 ,58.6129 , ,54.3609 
"2018.09.21_15",19.1886 ,19.6778 ,19.6329 ,18.9960 , ,42.6290 ,53.5161 ,65.6220 ,69.3125 ,61.4103 ,67.8236 ,19.3889 , , , ,59.2308 ,42.5565 ,67.0675 ,66.0625 ,58.5625 , ,54.3357 
"2018.09.21_16",19.2737 ,19.7349 ,19.4597 ,19.0776 , ,42.6139 ,53.2681 ,65.5655 ,69.3125 ,61.3750 ,67.7742 ,19.4940 , , , ,59.2329 ,42.5081 ,67.0625 ,66.0625 ,58.5192 , ,54.3125 
"2018.09.21_17",19.4036 ,19.8602 ,19.4688 ,19.2440 , ,42.5625 ,53.0139 ,65.5625 ,69.2649 ,61.3492 ,67.7371 ,19.6371 , , , ,59.2302 ,42.5218 ,67.0615 ,66.0605 ,58.4742 , ,54.3125 
"2018.09.21_18",19.5032 ,19.9569 ,19.4456 ,19.3004 , ,42.5615 ,52.7742 ,65.5353 ,69.2500 ,61.3125 ,67.6875 ,19.7379 , , , ,59.2530 ,42.4204 ,67.0161 ,66.0050 ,58.4284 , ,54.3125 
"2018.09.21_19",19.5916 ,20.0323 ,19.3942 ,19.4254 , ,42.5514 ,52.5615 ,65.5000 ,69.2298 ,61.2883 ,67.6482 ,19.8206 , , , ,59.2641 ,42.5393 ,67.0000 ,66.0000 ,58.3750 , ,54.3125 
"2018.09.21_20",19.8222 ,20.2403 ,19.6230 ,19.7268 , ,42.5625 ,52.3579 ,65.5212 ,69.1875 ,61.2500 ,67.6250 ,20.0605 , , , ,59.4435 ,42.4093 ,66.9929 ,66.0000 ,58.3266 , ,54.3125 
"2018.09.21_21",20.0742 ,20.5011 ,19.9224 ,19.9587 , ,42.6210 ,52.1784 ,65.5786 ,69.1865 ,61.2248 ,67.6250 ,20.3327 , , , ,59.6673 ,42.0706 ,66.9415 ,66.0000 ,58.2863 , ,54.3065 
"2018.09.21_22",20.1853 ,20.6164 ,20.1179 ,20.0393 , ,42.7036 ,51.8367 ,65.6391 ,69.1462 ,61.1875 ,67.6250 ,20.4325 , , , ,59.6704 ,41.8438 ,66.9375 ,65.9788 ,58.2460 , ,54.2792 
"2018.09.21_23",20.2026 ,20.6325 ,21.1200 ,20.0565 , ,42.7913 ,51.3921 ,63.7974 ,69.1260 ,61.1633 ,66.9819 ,20.4526 , , , ,50.0030 ,41.7581 ,66.8942 ,65.9476 ,58.1915 , ,53.3790 
"2018.09.22_00",20.2188 ,20.6476 ,20.2218 ,20.0796 , ,42.9062 ,50.8992 ,62.2248 ,69.1008 ,61.1250 ,65.6583 ,20.4637 , , , ,54.1270 ,41.7006 ,66.7692 ,65.7893 ,58.1643 , ,53.2308 
"2018.09.22_01",20.2748 ,20.6875 ,20.0464 ,20.1331 , ,43.0030 ,50.3387 ,62.6502 ,69.0454 ,61.0756 ,65.3730 ,20.5040 , , , ,56.5726 ,41.6129 ,66.4516 ,65.5665 ,58.1179 , ,53.5282 
"2018.09.22_02",20.3341 ,20.7414 ,20.0171 ,20.1381 , ,43.0776 ,49.9244 ,63.1976 ,69.0000 ,61.0454 ,65.4778 ,20.5565 , , , ,57.7087 ,41.8185 ,66.1179 ,65.4355 ,58.0595 , ,53.6482 
"2018.09.22_03",20.4121 ,20.8496 ,20.0645 ,20.2067 , ,43.1280 ,49.7097 ,63.6079 ,68.9647 ,61.0000 ,65.6744 ,20.6462 , , , ,58.2540 ,42.0806 ,65.8821 ,65.3750 ,58.0071 , ,53.6875 
"2018.09.22_04",20.3028 ,20.7575 ,19.7308 ,19.9980 , ,43.2006 ,49.5877 ,63.8569 ,68.9375 ,60.9435 ,65.8659 ,20.5433 , , , ,58.4768 ,42.4395 ,65.7500 ,65.3750 ,57.9516 , ,53.6885 
"2018.09.22_05",20.2144 ,20.6056 ,19.5754 ,19.9901 , ,43.2762 ,49.5050 ,64.0625 ,68.8851 ,60.8992 ,66.0524 ,20.4405 , , , ,58.7964 ,42.7157 ,65.6875 ,65.4103 ,57.9052 , ,53.7157 
"2018.09.22_06",20.1487 ,20.5560 ,19.8770 ,19.8206 , ,43.3498 ,49.2762 ,64.2944 ,68.8690 ,60.8629 ,66.2974 ,20.3861 , , , ,59.4587 ,42.8014 ,65.6875 ,65.4385 ,57.8690 , ,53.7500 
"2018.09.22_07",18.6961 ,19.0302 ,18.5827 ,18.2379 , ,43.3750 ,48.5595 ,64.5198 ,68.8125 ,60.8125 ,66.6161 ,18.8659 , , , ,59.9474 ,42.5724 ,65.6875 ,65.4950 ,57.8165 , ,53.6587 
"2018.09.22_08",18.2447 ,18.5985 ,18.3145 ,17.9617 , ,43.3750 ,47.7046 ,64.6159 ,68.8125 ,60.7863 ,66.7893 ,18.4546 , , , ,59.8075 ,42.3327 ,65.7067 ,65.5101 ,57.8075 , ,53.5312 
"2018.09.22_09",18.0269 ,19.0474 ,19.2661 ,18.1633 , ,43.3367 ,46.6411 ,64.6915 ,68.7984 ,60.7500 ,66.9597 ,19.0272 , , , ,60.1230 ,42.1109 ,65.7490 ,65.5615 ,57.7571 , ,53.4194 
"2018.09.22_10",17.7331 ,19.8676 ,20.6442 ,17.9194 , ,43.4365 ,45.4871 ,63.0129 ,68.8095 ,60.7391 ,66.5734 ,20.3438 ,71.3750 ,43.6875 ,71.6875 ,46.8651 ,41.8879 ,65.7500 ,65.5337 ,57.7500 ,34.9375 ,52.3264 
"2018.09.22_11",17.8862 ,19.1462 ,20.8979 ,19.1906 , ,43.5562 ,44.7041 ,59.2099 ,68.8400 ,60.7156 ,64.8589 ,23.3427 ,71.3850 ,42.4481 ,71.7087 ,39.1869 ,41.8847 ,65.7494 ,65.4696 ,57.7643 ,34.8785 ,50.5814 
"2018.09.22_12",17.8976 ,18.0334 ,21.0338 ,18.6107 , ,43.7893 ,43.5232 ,55.2429 ,68.7500 ,60.6421 ,62.1240 ,20.9129 ,71.2984 ,40.9093 ,71.6885 ,38.0615 ,41.8185 ,65.3417 ,65.0192 ,57.7117 ,34.6250 ,49.0464 
"2018.09.22_13",18.0884 ,18.0970 ,21.5444 ,18.8347 , ,44.0010 ,42.7944 ,54.2651 ,68.6613 ,60.5887 ,60.7006 ,20.2440 ,71.2419 ,45.0897 ,71.6845 ,43.5282 ,41.8599 ,64.6956 ,64.5202 ,57.6663 ,34.5353 ,49.3841 
"2018.09.22_14",17.7328 ,17.6940 ,20.4617 ,18.5454 , ,44.2147 ,42.1381 ,54.9889 ,68.5948 ,60.5282 ,60.3125 ,19.5867 ,71.1875 ,45.0988 ,71.6008 ,47.7419 ,41.8690 ,63.9486 ,64.0837 ,57.5998 ,34.4980 ,50.1653 
"2018.09.22_15",17.4881 ,17.3976 ,19.5625 ,18.2520 , ,44.3690 ,41.9385 ,56.1835 ,68.5343 ,60.4536 ,60.4819 ,19.1028 ,71.1472 ,47.2137 ,71.4194 ,50.6179 ,41.8740 ,63.3125 ,63.7389 ,57.5262 ,34.4587 ,50.6573 
"2018.09.22_16",17.1684 ,17.0784 ,18.8790 ,18.0302 , ,44.5232 ,41.9335 ,57.3417 ,68.5000 ,60.3609 ,60.8790 ,18.7087 ,71.1109 ,48.7097 ,71.1260 ,52.6351 ,41.8750 ,62.8679 ,63.4980 ,57.4476 ,34.3931 ,50.9345 
"2018.09.22_17",16.5927 ,16.4321 ,17.8115 ,17.5222 , ,44.6038 ,42.3347 ,58.3417 ,68.4395 ,60.2782 ,61.3760 ,17.9738 ,71.0615 ,53.3105 ,70.7450 ,54.0827 ,41.8750 ,62.6179 ,63.3427 ,57.3538 ,34.3438 ,51.1190 
"2018.09.22_18",16.0269 ,15.8384 ,16.4446 ,16.8518 , ,44.5575 ,42.9597 ,59.1956 ,68.3931 ,60.2026 ,61.8921 ,17.0383 ,71.0050 ,56.5141 ,70.2661 ,55.0393 ,41.8327 ,62.5262 ,63.2520 ,57.2692 ,34.2762 ,51.2147 
"2018.09.22_19",15.6272 ,15.4429 ,15.3992 ,16.1552 , ,44.5020 ,43.4062 ,59.8619 ,68.3478 ,60.1270 ,62.3659 ,16.3901 ,70.9375 ,57.7137 ,69.8276 ,55.6099 ,41.7863 ,62.5575 ,63.2056 ,57.1754 ,34.2127 ,51.2500 
"2018.09.22_20",15.4084 ,15.2511 ,14.8075 ,15.6603 , ,44.4496 ,43.7661 ,60.3700 ,68.3105 ,60.0605 ,62.7802 ,15.9446 ,70.8508 ,58.2540 ,69.4506 ,56.0494 ,41.6855 ,62.6431 ,63.1946 ,57.0988 ,34.1290 ,51.2500 
"2018.09.22_21",14.8867 ,14.6653 ,14.1905 ,15.2591 , ,44.3508 ,44.1391 ,60.7671 ,68.2500 ,60.0010 ,63.1371 ,15.4093 ,70.7520 ,59.3810 ,69.1250 ,56.3185 ,41.5887 ,62.7702 ,63.2409 ,57.0252 ,34.0181 ,51.2359 
"2018.09.22_22",14.3761 ,14.0787 ,13.6260 ,14.7470 , ,44.3044 ,44.7127 ,61.0776 ,68.1966 ,59.9415 ,63.4456 ,14.8216 ,70.6351 ,59.8095 ,68.8306 ,56.4778 ,41.4708 ,62.9153 ,63.2500 ,56.9567 ,33.8659 ,51.1754 
"2018.09.22_23",13.8039 ,13.5399 ,12.6835 ,14.0060 , ,44.1558 ,45.1915 ,61.3433 ,68.1389 ,59.8839 ,63.7093 ,14.1099 ,70.5149 ,60.7292 ,68.5685 ,56.6240 ,41.2669 ,63.0595 ,63.2540 ,56.8929 ,33.6667 ,51.1002 
"2018.09.23_00",13.4828 ,13.2069 ,12.2591 ,13.4567 , ,43.9577 ,45.7137 ,61.5504 ,68.0867 ,59.8427 ,63.9345 ,13.6109 ,70.3911 ,61.2077 ,68.3619 ,56.6230 ,41.0907 ,63.2046 ,63.3024 ,56.8246 ,33.4516 ,51.0262 
"2018.09.23_01",13.3502 ,13.1455 ,11.9821 ,13.1786 , ,43.7571 ,46.1411 ,61.6925 ,68.0363 ,59.8024 ,64.1179 ,13.3760 ,70.2702 ,61.5494 ,68.2006 ,56.6260 ,40.9325 ,63.3317 ,63.3125 ,56.7641 ,33.2480 ,50.9526 
"2018.09.23_02",13.1377 ,12.9396 ,11.6482 ,12.8246 , ,43.5222 ,46.4950 ,61.8044 ,67.9929 ,59.7500 ,64.2853 ,13.1179 ,70.1532 ,61.6744 ,68.0736 ,56.6260 ,40.7964 ,63.4516 ,63.3125 ,56.7046 ,33.0212 ,50.8760 
"2018.09.23_03",13.1390 ,12.9828 ,11.7067 ,12.7702 , ,43.3367 ,46.7157 ,61.8750 ,67.9415 ,59.7006 ,64.4042 ,13.0232 ,70.0353 ,60.9526 ,68.0000 ,56.6744 ,40.6401 ,63.5524 ,63.3125 ,56.6472 ,32.7913 ,50.8004 
"2018.09.23_04",13.0981 ,13.0043 ,11.8569 ,12.8165 , ,43.1321 ,46.9738 ,61.9304 ,67.9083 ,59.6532 ,64.5141 ,13.0554 ,69.9274 ,60.3004 ,68.0000 ,56.7077 ,40.5192 ,63.6522 ,63.3125 ,56.5887 ,32.5796 ,50.7218 
"2018.09.23_05",12.9698 ,12.8470 ,11.8569 ,12.7369 , ,42.8821 ,47.2470 ,61.9526 ,67.8690 ,59.5998 ,64.6038 ,12.9546 ,69.8306 ,61.3145 ,68.0000 ,56.6643 ,40.4052 ,63.7319 ,63.3095 ,56.5343 ,32.3810 ,50.6462 
"2018.09.23_06",12.7390 ,12.5899 ,11.7228 ,12.5696 , ,42.6593 ,47.6371 ,62.0000 ,67.8135 ,59.5544 ,64.6996 ,12.7298 ,69.7278 ,62.1482 ,67.9506 ,56.4940 ,40.2823 ,63.8085 ,63.2621 ,56.4708 ,32.2107 ,50.5847 
"2018.09.23_07",12.7058 ,12.5517 ,11.6522 ,12.4153 , ,42.4345 ,47.9315 ,62.0544 ,67.7772 ,59.5000 ,64.7661 ,12.6058 ,69.6512 ,62.4688 ,67.9264 ,56.3921 ,40.1159 ,63.8730 ,63.2500 ,56.3992 ,32.0101 ,50.5242 
"2018.09.23_08",13.0074 ,12.9703 ,16.2339 ,12.5554 , ,42.2107 ,48.1079 ,61.6663 ,67.7510 ,59.4466 ,64.7460 ,12.8921 ,69.5827 ,56.5232 ,67.9143 ,50.0665 ,39.9940 ,63.9284 ,63.2258 ,56.3327 ,31.8508 ,50.2056 
"2018.09.23_09",13.3901 ,13.4224 ,19.8004 ,13.0161 , ,42.0887 ,48.2177 ,57.7802 ,67.7500 ,59.3962 ,63.1532 ,13.3629 ,69.5192 ,43.5222 ,67.8750 ,37.9718 ,39.9446 ,63.9375 ,63.1532 ,56.2631 ,31.7500 ,48.3659 
"2018.09.23_10",13.7500 ,13.8308 ,19.8185 ,13.5363 , ,42.0060 ,48.2480 ,54.2369 ,67.7188 ,59.3256 ,60.8599 ,13.9627 ,69.4536 ,39.0302 ,67.8448 ,35.1391 ,39.9516 ,63.7591 ,62.8125 ,56.2107 ,31.6875 ,47.0020 
"2018.09.23_11",14.0442 ,14.1466 ,19.8518 ,13.9940 , ,42.0000 ,48.3165 ,51.8347 ,67.6462 ,59.2450 ,59.0171 ,14.4607 ,69.3901 ,36.6734 ,67.8054 ,33.5272 ,40.0000 ,63.2460 ,62.2409 ,56.1411 ,31.6724 ,46.0645 
"2018.09.23_12",14.5453 ,14.6455 ,19.9133 ,14.6714 , ,42.0000 ,48.3669 ,50.0625 ,67.5514 ,59.1562 ,57.5272 ,15.3044 ,69.3438 ,35.1028 ,67.7177 ,32.5232 ,40.0373 ,62.5343 ,61.5736 ,56.0645 ,31.6875 ,45.3397 
"2018.09.23_13",15.0582 ,15.1670 ,19.9597 ,15.3377 , ,42.0212 ,48.3024 ,48.6694 ,67.4627 ,59.0433 ,56.2873 ,16.0050 ,69.2954 ,33.9093 ,67.5655 ,31.8115 ,40.1038 ,61.7329 ,60.8831 ,55.9839 ,31.7319 ,44.7450 
"2018.09.23_14",15.4310 ,15.4849 ,20.0000 ,15.8761 , ,42.0625 ,48.1589 ,47.5710 ,67.3570 ,58.9163 ,55.2712 ,16.5233 ,69.2489 ,33.0191 ,67.3549 ,31.2733 ,40.1769 ,60.9301 ,60.2246 ,55.9047 ,31.8210 ,44.2521 
"2018.09.23_15",15.6875 ,15.7371 ,19.3698 ,16.1224 , ,42.1250 ,47.9753 ,46.7044 ,67.2558 ,58.7643 ,54.4258 ,16.7018 ,69.1888 ,33.1484 ,67.0977 ,32.0409 ,40.2524 ,60.1412 ,59.6289 ,55.8223 ,31.8971 ,43.8960 
"2018.09.23_16",15.9461 ,15.9655 ,19.5982 ,16.6674 , ,42.2522 ,47.5804 ,46.6384 ,67.1078 ,58.5625 ,53.7366 ,17.0871 ,69.0982 ,35.2165 ,66.6786 ,33.5345 ,40.3750 ,59.1703 ,58.8772 ,55.7177 ,32.0290 ,44.4892 
"2018.09.23_17",15.9883 ,15.9852 ,18.2183 ,16.5605 , ,42.3115 ,47.3988 ,46.5704 ,67.0171 ,58.4358 ,53.5228 ,16.7321 ,69.0337 ,36.9643 ,66.4206 ,36.1164 ,40.4170 ,58.6498 ,58.5496 ,55.6550 ,32.1111 ,44.2714 
"2018.09.23_18",15.7252 ,15.7220 ,16.7258 ,16.0685 , ,42.3125 ,47.2238 ,47.2681 ,66.8961 ,58.2407 ,53.4909 ,16.2087 ,68.9234 ,39.6270 ,66.0544 ,39.7610 ,40.4890 ,57.9890 ,58.1895 ,55.5693 ,32.1895 ,44.9519 
"2018.09.23_19",15.5269 ,15.4828 ,15.7500 ,15.8800 , ,42.3387 ,46.9274 ,48.4214 ,66.7873 ,58.0837 ,53.8216 ,15.8629 ,68.8165 ,41.8337 ,65.6875 ,42.4133 ,40.5000 ,57.5030 ,57.9748 ,55.4899 ,32.2631 ,45.2843 
"2018.09.23_20",15.0744 ,15.0474 ,15.1482 ,15.3831 , ,42.3357 ,46.6321 ,49.5706 ,66.6900 ,57.9223 ,54.3558 ,15.3135 ,68.6855 ,43.6431 ,65.3367 ,44.3995 ,40.4975 ,57.1292 ,57.8770 ,55.4248 ,32.3125 ,45.7061 
"2018.09.23_21",14.5873 ,14.5787 ,14.0817 ,14.9214 , ,42.3044 ,46.3115 ,50.5645 ,66.5853 ,57.7534 ,54.9446 ,14.7208 ,68.5504 ,45.2389 ,64.9829 ,45.9130 ,40.4299 ,56.8623 ,57.8992 ,55.3598 ,32.3125 ,45.8294 
"2018.09.23_22",14.1045 ,14.0927 ,13.7379 ,14.6099 , ,42.2571 ,45.9798 ,51.3911 ,66.4879 ,57.6179 ,55.5151 ,14.1683 ,68.3942 ,46.5887 ,64.6552 ,46.8921 ,40.3468 ,56.7480 ,58.0020 ,55.3085 ,32.2944 ,45.7893 
"2018.09.23_23",13.6864 ,13.7150 ,13.3942 ,14.2046 , ,42.1694 ,45.7369 ,52.0736 ,66.3894 ,57.4848 ,56.0524 ,13.6482 ,68.2319 ,47.7147 ,64.3579 ,47.6242 ,40.2340 ,56.7002 ,58.1421 ,55.2508 ,32.2208 ,45.9527 
"2018.09.24_00",13.4343 ,13.5022 ,12.7389 ,13.9718 , ,42.0403 ,45.5917 ,52.6169 ,66.2808 ,57.3533 ,56.5302 ,13.2238 ,68.0554 ,48.8206 ,64.0625 ,48.1750 ,40.0925 ,56.7542 ,58.3075 ,55.2025 ,32.0746 ,45.8717 
"2018.09.24_01",13.1382 ,13.2215 ,12.9294 ,13.8407 , ,41.9173 ,45.4415 ,53.0897 ,66.1835 ,57.2480 ,56.9647 ,12.9355 ,67.8740 ,49.6905 ,63.8085 ,48.5806 ,39.9607 ,56.8216 ,58.4798 ,55.1573 ,31.9133 ,45.7661 
"2018.09.24_02",12.5890 ,12.7352 ,12.2651 ,13.2692 , ,41.7631 ,45.2480 ,53.4889 ,66.0760 ,57.1486 ,57.3518 ,12.3931 ,67.6815 ,50.4798 ,63.5897 ,48.9282 ,39.8083 ,56.9206 ,58.6704 ,55.1149 ,31.7127 ,45.8285 
"2018.09.24_03",12.0528 ,12.2726 ,10.9466 ,12.8044 , ,41.5766 ,45.0706 ,53.7974 ,65.9603 ,57.0363 ,57.6986 ,11.8458 ,67.4909 ,51.1704 ,63.4002 ,49.1377 ,39.6166 ,57.0490 ,58.8569 ,55.0583 ,31.4929 ,45.6613 
"2018.09.24_04",11.5841 ,11.7532 ,11.3649 ,12.4677 , ,41.3690 ,44.9244 ,54.0927 ,65.8558 ,56.9577 ,58.0151 ,11.3266 ,67.2964 ,51.7550 ,63.2429 ,49.2893 ,39.4294 ,57.1552 ,59.0403 ,55.0020 ,31.2419 ,45.5171 
"2018.09.24_05",11.1875 ,11.3222 ,10.8306 ,12.0817 , ,41.1754 ,44.7964 ,54.3266 ,65.7559 ,56.8649 ,58.2954 ,10.8135 ,67.1099 ,52.3206 ,63.1058 ,49.4443 ,39.2069 ,57.2779 ,59.2056 ,54.9409 ,30.9385 ,45.5262 
"2018.09.24_06",10.8147 ,11.0054 ,10.0716 ,11.7863 , ,40.9889 ,44.6925 ,54.4819 ,65.6633 ,56.7853 ,58.5202 ,10.3609 ,66.9294 ,52.7450 ,63.0121 ,49.4325 ,38.9768 ,57.3861 ,59.3649 ,54.8841 ,30.5726 ,45.2843 
"2018.09.24_07",11.2119 ,11.4333 ,11.2460 ,12.0907 , ,40.9506 ,44.5353 ,54.6290 ,65.5887 ,56.7111 ,58.7188 ,10.7026 ,66.7500 ,52.3599 ,62.9415 ,49.6123 ,38.8032 ,57.4806 ,59.5060 ,54.8319 ,30.2692 ,45.2542 
"2018.09.24_08",11.6444 ,11.8427 ,11.6448 ,12.3343 , ,41.0526 ,44.3571 ,54.7361 ,65.5042 ,56.6200 ,58.8730 ,11.3413 ,66.5784 ,51.6171 ,62.9464 ,49.7683 ,38.6383 ,57.5975 ,59.6409 ,54.7542 ,30.0228 ,45.2008 
"2018.09.24_09",12.7716 ,12.7403 ,13.1976 ,13.3982 , ,41.1895 ,43.8095 ,54.7722 ,65.4335 ,56.5333 ,59.0000 ,12.8448 ,66.4214 ,51.5323 ,63.0000 ,49.7288 ,38.5595 ,57.6986 ,59.7319 ,54.6875 ,29.9224 ,44.9929 
"2018.09.24_10",13.8427 ,13.6994 ,15.8317 ,14.5998 , ,40.9970 ,43.3407 ,54.8710 ,65.3666 ,56.4578 ,59.1190 ,14.3649 ,66.2732 ,52.5907 ,63.0040 ,49.7517 ,38.6014 ,57.7762 ,59.7994 ,54.6174 ,29.9365 ,45.1005 
"2018.09.24_11",14.1972 ,14.0399 ,16.6673 ,14.7812 , ,40.7389 ,42.8075 ,54.9183 ,65.2897 ,56.3539 ,59.2188 ,14.8750 ,66.1542 ,53.4375 ,63.0020 ,49.6807 ,38.6985 ,57.8649 ,59.8125 ,54.5312 ,30.0121 ,45.1976 
"2018.09.24_12",14.5561 ,14.4301 ,16.8770 ,15.1482 , ,40.3911 ,42.6351 ,54.9456 ,65.2147 ,56.2621 ,59.3175 ,15.3065 ,66.0413 ,53.8165 ,63.0000 ,49.5554 ,38.7278 ,57.9446 ,59.8125 ,54.4315 ,30.1240 ,45.1310 
"2018.09.24_13",14.6711 ,14.6107 ,16.8780 ,15.3075 , ,40.0968 ,43.8387 ,55.0514 ,65.1351 ,56.1655 ,59.4173 ,15.4204 ,65.9567 ,54.0595 ,63.0000 ,49.7416 ,38.6554 ,58.0186 ,59.8226 ,54.3336 ,30.1895 ,45.2762 
"2018.09.24_14",14.7619 ,14.6800 ,16.6915 ,15.2712 , ,39.7863 ,44.5454 ,55.1119 ,65.0431 ,56.0608 ,59.5121 ,15.5252 ,65.8599 ,54.3216 ,63.0000 ,49.7872 ,38.6157 ,58.0997 ,59.8750 ,54.2010 ,30.2571 ,45.3471 
"2018.09.24_15",14.7791 ,14.7198 ,16.4355 ,15.3256 , ,39.6210 ,44.9052 ,55.1502 ,64.9607 ,55.9587 ,59.6159 ,15.5222 ,65.7742 ,54.2359 ,63.0141 ,49.8317 ,38.5333 ,58.1633 ,59.8750 ,54.0806 ,30.3317 ,45.2268 
"2018.09.24_16",14.7829 ,14.7050 ,16.8185 ,15.3488 , ,39.2218 ,44.3931 ,55.2238 ,64.8883 ,55.8508 ,59.7137 ,15.5958 ,65.6845 ,54.7248 ,63.0625 ,49.8342 ,38.5000 ,58.2350 ,59.9032 ,53.9575 ,30.4183 ,45.3450 
"2018.09.24_17",14.5254 ,14.4817 ,16.1462 ,14.9879 , ,38.8276 ,44.8256 ,55.2379 ,64.7998 ,55.7432 ,59.7752 ,15.3004 ,65.6220 ,55.0867 ,63.0897 ,49.7872 ,38.4375 ,58.3024 ,59.9375 ,53.8201 ,30.4859 ,45.3682 
"2018.09.24_18",14.2317 ,14.2595 ,15.2923 ,14.7994 , ,38.4708 ,45.3175 ,55.2671 ,64.7177 ,55.6421 ,59.8710 ,14.8548 ,65.5494 ,55.2450 ,63.1381 ,49.8377 ,38.2954 ,58.3599 ,59.9466 ,53.6895 ,30.4909 ,45.2167 
"2018.09.24_19",13.6584 ,13.7091 ,14.6069 ,14.2127 , ,38.0645 ,45.5968 ,55.3367 ,64.6554 ,55.5473 ,59.9526 ,14.2147 ,65.4889 ,55.4365 ,63.2026 ,49.8936 ,38.1833 ,58.4198 ,59.9980 ,53.5625 ,30.4516 ,45.3007 
"2018.09.24_20",13.0151 ,13.1067 ,13.8014 ,13.5413 , ,37.6048 ,45.7984 ,55.3054 ,64.5811 ,55.4459 ,60.0060 ,13.5746 ,65.4355 ,55.6925 ,63.2752 ,49.6867 ,38.0752 ,58.4654 ,60.0030 ,53.4215 ,30.4315 ,45.2128 
"2018.09.24_21",12.5711 ,12.6616 ,13.3528 ,13.2308 , ,37.1714 ,45.8589 ,55.2802 ,64.5252 ,55.3478 ,60.0625 ,13.0373 ,65.3871 ,55.7208 ,63.3599 ,49.5534 ,37.9062 ,58.5000 ,60.0575 ,53.3024 ,30.3639 ,45.0252 
"2018.09.24_22",12.2383 ,12.3400 ,13.2569 ,12.9335 , ,36.6835 ,46.0248 ,55.2738 ,64.4831 ,55.2610 ,60.0962 ,12.6587 ,65.3750 ,55.8562 ,63.4623 ,49.5177 ,37.7534 ,58.5448 ,60.0645 ,53.1816 ,30.2688 ,45.0870 
"2018.09.24_23",11.9817 ,12.1045 ,12.6744 ,12.6018 , ,36.2611 ,46.0192 ,55.2067 ,64.4358 ,55.1558 ,60.1230 ,12.3286 ,65.3740 ,56.0020 ,63.5716 ,49.3867 ,37.5633 ,58.5625 ,60.1169 ,53.0558 ,30.1260 ,44.9600 
"2018.09.25_00",11.7101 ,11.8405 ,12.5403 ,12.4577 , ,35.8125 ,46.0353 ,55.1875 ,64.3770 ,55.0675 ,60.1321 ,12.0433 ,65.3720 ,55.9012 ,63.7006 ,49.3125 ,37.3609 ,58.5665 ,60.1250 ,52.9577 ,29.9738 ,44.7863 
"2018.09.25_01",11.5948 ,11.7953 ,12.5464 ,12.2853 , ,35.4688 ,45.9748 ,55.1784 ,64.3581 ,54.9789 ,60.1653 ,11.9183 ,65.3720 ,55.9607 ,63.8377 ,49.3260 ,37.1816 ,58.6216 ,60.1270 ,52.8463 ,29.8085 ,44.8184 
"2018.09.25_02",11.4203 ,11.5733 ,12.0565 ,12.0071 , ,35.1562 ,45.9476 ,55.1119 ,64.3125 ,54.8894 ,60.1855 ,11.7540 ,65.3750 ,56.0302 ,63.9990 ,49.1858 ,36.9755 ,58.6250 ,60.1421 ,52.7188 ,29.6613 ,44.6664 
"2018.09.25_03",10.9192 ,11.2166 ,11.7843 ,11.3891 , ,34.6583 ,46.2339 ,55.0827 ,64.2994 ,54.7923 ,60.1875 ,11.0786 ,65.3750 ,56.0343 ,64.1331 ,49.1200 ,36.7873 ,58.6250 ,60.1804 ,52.6109 ,29.5171 ,44.5030 
"2018.09.25_04",10.8782 ,11.1239 ,11.4294 ,11.2661 , ,34.1583 ,46.6754 ,55.0615 ,64.2517 ,54.7069 ,60.1875 ,10.8226 ,65.4123 ,56.2127 ,64.2571 ,49.0608 ,36.5591 ,58.6250 ,60.1865 ,52.4958 ,29.3639 ,44.5448 
"2018.09.25_05",10.9601 ,11.2134 ,11.0655 ,11.3256 , ,33.6310 ,46.7984 ,54.9577 ,64.2500 ,54.5980 ,60.1875 ,10.9284 ,65.4395 ,56.3952 ,64.3841 ,48.7829 ,36.3978 ,58.6250 ,60.1825 ,52.3767 ,29.2188 ,44.3742 
"2018.09.25_06",10.9803 ,11.2566 ,11.5121 ,11.5373 , ,33.0907 ,46.3891 ,54.9244 ,64.2500 ,54.5139 ,60.1764 ,11.0887 ,65.4940 ,56.1895 ,64.4970 ,48.7778 ,36.2421 ,58.6250 ,60.1573 ,52.2728 ,29.0675 ,44.2897 
"2018.09.25_07",11.2953 ,11.5711 ,13.4224 ,11.9778 , ,32.6522 ,46.3488 ,54.8619 ,64.2500 ,54.3961 ,60.1472 ,11.3609 ,65.5454 ,54.4869 ,64.6300 ,44.3500 ,36.0059 ,58.6250 ,60.1260 ,52.1373 ,28.9183 ,44.3005 
"2018.09.25_08",11.5077 ,11.8487 ,12.9869 ,12.3357 , ,32.4022 ,45.4798 ,53.2359 ,64.2500 ,54.3095 ,59.5756 ,11.7077 ,65.5897 ,48.1502 ,64.7631 ,40.7853 ,35.8397 ,58.6250 ,60.1119 ,52.0433 ,28.7762 ,43.5917 
"2018.09.25_09",11.7963 ,12.0420 ,13.8548 ,12.1714 , ,32.1341 ,44.7681 ,52.2994 ,64.2500 ,54.2259 ,58.7046 ,11.9032 ,65.6250 ,47.9849 ,64.8992 ,41.6562 ,35.7348 ,58.5549 ,59.9456 ,51.9429 ,28.6895 ,43.8750 
"2018.09.25_10",12.4989 ,12.6153 ,12.7034 ,12.6905 , ,31.6825 ,44.8373 ,51.3700 ,64.2500 ,54.0948 ,57.9990 ,12.5337 ,65.6726 ,47.6776 ,64.9921 ,40.9103 ,35.6724 ,58.3619 ,59.6925 ,51.8397 ,28.6766 ,43.7087 
"2018.09.25_11",13.3847 ,13.4203 ,15.0474 ,13.6028 , ,31.2762 ,45.1804 ,50.9688 ,64.2480 ,54.0210 ,57.5010 ,13.4677 ,65.7147 ,45.6260 ,65.0746 ,40.2659 ,35.6245 ,58.1798 ,59.3972 ,51.7664 ,28.6341 ,43.9098 
"2018.09.25_12",13.9569 ,13.9925 ,15.0595 ,14.2228 , ,31.0544 ,44.3982 ,50.5756 ,64.1881 ,53.8728 ,57.0373 ,14.0685 ,65.7681 ,46.0806 ,65.1502 ,40.6101 ,35.5531 ,57.8263 ,59.1149 ,51.6178 ,28.6250 ,44.0177 
"2018.09.25_13",14.1441 ,14.2214 ,14.5454 ,14.3700 , ,30.0383 ,40.7016 ,50.1058 ,64.1875 ,53.7571 ,56.6885 ,14.3347 ,65.8125 ,44.7016 ,65.2742 ,39.4022 ,35.4960 ,57.5595 ,58.8891 ,51.5101 ,28.6310 ,43.8145 
"2018.09.25_14",14.6034 ,14.6293 ,15.9486 ,14.8538 , ,27.8518 ,39.1673 ,50.0010 ,64.1565 ,53.6610 ,56.4093 ,14.8397 ,65.8125 ,44.1462 ,65.3125 ,39.8164 ,35.4882 ,57.3339 ,58.6583 ,51.4167 ,28.6935 ,44.0253 
"2018.09.25_15",14.9989 ,14.9989 ,15.8115 ,15.0837 , ,26.2641 ,38.7389 ,49.6966 ,64.1244 ,53.5204 ,56.1079 ,15.2550 ,65.8145 ,44.5433 ,65.3004 ,40.3511 ,35.4819 ,57.0275 ,58.4718 ,51.2745 ,28.7883 ,44.0683 
"2018.09.25_16",15.5172 ,15.4407 ,16.4506 ,15.7429 , ,25.4738 ,39.2429 ,49.4617 ,64.0726 ,53.4204 ,55.8962 ,15.9012 ,65.8125 ,44.0141 ,65.1512 ,38.5242 ,35.5887 ,56.8095 ,58.2308 ,51.1764 ,28.9375 ,43.9002 
"2018.09.25_17",15.8739 ,15.7769 ,16.8821 ,16.0181 , ,24.9183 ,38.6532 ,49.4234 ,64.0537 ,53.3272 ,55.6845 ,16.3165 ,65.8125 ,44.2188 ,65.0050 ,39.6409 ,35.7034 ,56.6067 ,57.9919 ,51.0938 ,29.0958 ,44.1527 
"2018.09.25_18",15.9947 ,15.9089 ,16.5262 ,15.9708 , ,24.3427 ,38.7530 ,49.1452 ,63.9976 ,53.2039 ,55.4728 ,16.4466 ,65.7742 ,44.8004 ,64.8165 ,40.1286 ,35.8550 ,56.3550 ,57.7379 ,50.9569 ,29.2450 ,44.1638 
"2018.09.25_19",16.1239 ,16.0517 ,16.7087 ,16.0766 , ,24.1149 ,38.9950 ,49.0706 ,63.9385 ,53.1452 ,55.3317 ,16.5625 ,65.7339 ,44.3589 ,64.6129 ,38.0040 ,35.9526 ,56.1845 ,57.4879 ,50.8679 ,29.3931 ,44.0494 
"2018.09.25_20",16.1541 ,16.0873 ,16.8004 ,16.0343 , ,24.0625 ,39.3881 ,49.0383 ,63.8762 ,53.0993 ,55.1815 ,16.5887 ,65.6794 ,44.9304 ,64.4113 ,39.6103 ,36.0478 ,55.9988 ,57.2429 ,50.7911 ,29.5101 ,44.2647 
"2018.09.25_21",16.2877 ,16.2058 ,16.4254 ,16.1210 , ,24.1270 ,39.7984 ,48.7933 ,63.8155 ,53.0403 ,55.0131 ,16.6875 ,65.6119 ,45.1482 ,64.2127 ,39.2661 ,36.1562 ,55.8175 ,56.9919 ,50.6855 ,29.6129 ,44.1079 
"2018.09.25_22",16.3655 ,16.2845 ,16.9657 ,16.1875 , ,24.2500 ,40.1704 ,48.8085 ,63.7745 ,52.9994 ,54.9103 ,16.7732 ,65.5353 ,44.9748 ,64.0222 ,39.0208 ,36.2690 ,55.6850 ,56.7510 ,50.6195 ,29.7177 ,44.2549 
"2018.09.25_23",16.2942 ,16.2309 ,16.6371 ,16.0736 , ,24.4365 ,40.5040 ,48.7359 ,63.6781 ,52.9369 ,54.7571 ,16.6542 ,65.4556 ,45.4274 ,63.8528 ,39.6206 ,36.3644 ,55.4944 ,56.5242 ,50.5463 ,29.7974 ,44.3444 
"2018.09.26_00",16.4946 ,16.4062 ,16.5887 ,16.2722 , ,24.6492 ,40.7550 ,48.5454 ,63.6048 ,52.8790 ,54.6492 ,16.7964 ,65.3538 ,45.4214 ,63.6895 ,38.7994 ,36.4224 ,55.3337 ,56.2974 ,50.4748 ,29.8690 ,44.1552 
"2018.09.26_01",16.6746 ,16.5700 ,17.2113 ,16.4970 , ,24.8740 ,40.9792 ,48.5913 ,63.5463 ,52.8494 ,54.5506 ,17.0387 ,65.2589 ,45.2857 ,63.5367 ,39.0600 ,36.4925 ,55.2125 ,56.0833 ,50.4306 ,29.9643 ,44.3444 
"2018.09.26_02",16.9364 ,16.7694 ,17.2006 ,16.7308 , ,25.1139 ,41.1058 ,48.4768 ,63.4537 ,52.7781 ,54.3952 ,17.3558 ,65.1472 ,45.4486 ,63.4183 ,39.6838 ,36.6013 ,55.0562 ,55.8841 ,50.3750 ,40.8525 ,44.3937 
"2018.09.26_03",17.3728 ,17.1487 ,17.6661 ,17.0872 , ,25.3026 ,41.2368 ,48.3684 ,63.3958 ,52.7484 ,54.3520 ,17.8750 ,65.0477 ,45.2023 ,63.2895 ,37.7292 ,36.6795 ,54.9439 ,55.7204 ,50.3638 ,64.7911 ,44.1987 
"2018.09.26_04",17.6769 ,17.4396 , , , , , , , , , , , , , , , , , , , , 
"2018.09.26_05",18.1767 ,17.9127 , , , , , , , , , , , , , , , , , , , , 
"2018.09.26_06",18.5894 ,18.2586 , , , , , , , , , , , , , , , , , , , , 
"2018.09.26_07",18.8750 ,18.5054 , , , , , , , , , , , , , , , , , , , , 
"2018.09.26_08",19.5064 ,19.1758 , , , , , , , , , , , , , , , , , , , , 
"2018.09.26_09",20.3804 ,19.9677 , , , , , , , , , , , , , , , , , , , , 
"2018.09.26_10",21.2274 ,20.8459 , , , , , , , , , , , , , , , , , , , , 
"2018.09.26_11",21.2662 ,20.8782 , , , , , , , , , , , , , , , , , , , , 
"2018.09.26_12",21.7834 ,21.3879 , , , , , , , , , , , , , , , , , , , , 
"2018.09.26_13",22.6737 ,22.1557 , , , , , , , , , , , , , , , , , , , , 
"2018.09.26_14",23.0291 ,22.5657 , , , , , , , , , , , , , , , , , , , , 
"2018.09.26_15",23.1929 ,22.6649 , , , , , , , , , , , , , , , , , , , , 
"2018.09.26_16",23.3481 ,22.8491 , , , , , , , , , , , , , , , , , , , , 
"2018.09.26_17",22.9015 ,22.3623 , , , , , , , , , , , , , , , , , , , , 
"2018.09.26_18",22.5560 ,22.0399 , , , , , , , , , , , , , , , , , , , , 
"2018.09.26_19",22.1584 ,21.6767 , , , , , , , , , , , , , , , , , , , , 
"2018.09.26_20",21.9170 ,21.4871 , , , , , , , , , , , , , , , , , , , , 
"2018.09.26_21",21.3330 ,21.0528 , , , , , , , , , , , , , , , , , , , , 
"2018.09.26_22",20.6345 ,20.4163 , , , , , , , , , , , , , , , , , , , , 
"2018.09.26_23",20.1131 ,19.9709 , , , , , , , , , , , , , , , , , , , , 
"2018.09.27_00",19.1821 ,19.0356 , , , , , , , , , , , , , , , , , , , , 
"2018.09.27_01",17.8287 ,17.7360 , , , , , , , , , , , , , , , , , , , , 
"2018.09.27_02",16.7166 ,16.7381 , , , , , , , , , , , , , , , , , , , , 
"2018.09.27_03",15.9386 ,15.9725 , , , , , , , , , , , , , , , , , , , , 
"2018.09.27_04",15.1918 ,15.1983 , , , , , , , , , , , , , , , , , , , , 
"2018.09.27_05",14.3427 ,14.4731 , , , , , , , , , , , , , , , , , , , , 
"2018.09.27_06",13.9192 ,14.0873 , , , , , , , , , , , , , , , , , , , , 
"2018.09.27_07",13.8030 ,13.7977 , , , , , , , , , , , , , , , , , , , , 
"2018.09.27_08",13.9881 ,13.8998 , , , , , , , , , , , , , , , , , , , , 
"2018.09.27_09",14.3933 ,14.4849 , , , , , , , , , , , , , , , , , , , , 
"2018.09.27_10",15.0388 ,15.2220 , , , , , , , , , , , , , , , , , , , , 
"2018.09.27_11",15.9332 ,16.0420 , , , , , , , , , , , , , , , , , , , , 
"2018.09.27_12",16.6441 ,16.7373 , , , , , , , , , , , , , , , , , , , , 
"2018.09.27_13",17.2037 ,17.2252 , , , , , , , , , , , , , , , , , , , , 
"2018.09.27_14",17.4763 ,17.5625 , , , , , , , , , , , , , , , , , , , , 
"2018.09.27_15",17.5162 ,17.6185 , , , , , , , , , , , , , , , , , , , , 
"2018.09.27_16",17.3642 ,17.5830 , , , , , , , , , , , , , , , , , , , , 
"2018.09.27_17",16.9555 ,17.0858 , , , , , , , , , , , , , , , , , , , , 
"2018.09.27_18",16.6746 ,16.6972 , , , , , , , , , , , , , , , , , , , , 
"2018.09.27_19",16.5841 ,16.5550 , , , , , , , , , , , , , , , , , , , , 
"2018.09.27_20",16.3912 ,16.3179 , , , , , , , , , , , , , , , , , , , , 
"2018.09.27_21",16.2818 ,16.2198 , , , , , , , , , , , , , , , , , , , , 
"2018.09.27_22",16.1261 ,16.0530 , , , , , , , , , , , , , , , , , , , , 
"2018.09.27_23",16.2209 ,16.1627 ,18.4773 ,16.2045 , ,33.7642 ,45.8267 ,55.6335 ,62.1868 ,53.1884 ,59.9886 ,16.2841 ,64.5057 ,47.4034 ,64.1818 ,44.5730 ,37.4998 ,58.7480 ,56.9375 ,50.5625 ,30.7500 ,45.0771 
"2018.09.28_00",16.0582 ,16.0237 ,17.0494 ,16.0605 , ,33.8125 ,46.0292 ,53.7127 ,62.1875 ,53.1899 ,59.2823 ,16.3942 ,64.5605 ,43.4758 ,64.1875 ,40.7471 ,37.4995 ,58.7217 ,56.8972 ,50.5640 ,30.7409 ,44.5879 
"2018.09.28_01",15.2533 ,15.2895 ,16.4032 ,15.0978 , ,33.8125 ,46.5393 ,52.3669 ,62.1875 ,53.1882 ,58.0907 ,15.4748 ,64.6048 ,45.4677 ,64.2087 ,42.6912 ,37.4946 ,58.6250 ,56.6784 ,50.6243 ,30.6915 ,44.6139 
"2018.09.28_02",14.5830 ,14.5323 ,15.0655 ,14.5040 , ,33.8125 ,46.7964 ,51.3538 ,62.1835 ,53.1875 ,57.3145 ,14.6028 ,64.6462 ,44.2631 ,64.2500 ,41.4496 ,37.3558 ,58.3911 ,56.3508 ,50.6250 ,30.6734 ,44.2601 
"2018.09.28_03",13.8082 ,13.7931 ,15.3264 ,14.2629 , ,33.8403 ,46.4315 ,50.9752 ,62.1552 ,53.1875 ,56.7103 ,13.8274 ,64.6915 ,43.0119 ,64.2579 ,41.7075 ,37.2234 ,58.1462 ,55.9960 ,50.6834 ,30.5873 ,44.5294 
"2018.09.28_04",13.6692 ,13.5205 ,13.5010 ,13.6835 , ,33.8730 ,43.9506 ,50.3458 ,62.1255 ,53.1875 ,56.1381 ,13.4264 ,64.7500 ,43.2762 ,64.3397 ,42.0829 ,36.9153 ,57.6993 ,55.6613 ,50.7255 ,30.4294 ,44.3560 
"2018.09.28_05",12.7996 ,12.7554 ,13.9657 ,12.8216 , ,32.9587 ,43.2651 ,50.0474 ,62.1250 ,53.1855 ,55.7591 ,12.8296 ,64.7883 ,41.1542 ,64.3488 ,39.5696 ,36.7994 ,57.4536 ,55.3558 ,50.7500 ,30.2742 ,44.1048 
"2018.09.28_06",12.6584 ,12.4256 ,13.7560 ,12.7056 , ,32.3105 ,43.2560 ,49.8226 ,62.1250 ,53.1725 ,55.3599 ,12.3377 ,64.8135 ,40.9012 ,64.2772 ,41.2631 ,36.5601 ,57.1497 ,55.0575 ,50.7505 ,30.1008 ,44.2306 
"2018.09.28_07",12.4078 ,12.1218 ,11.3105 ,12.0232 , ,32.1129 ,42.5998 ,49.3790 ,62.1250 ,53.1250 ,55.0151 ,11.9052 ,64.8619 ,39.2419 ,64.3115 ,40.7853 ,36.2923 ,56.8619 ,54.8115 ,50.7702 ,29.8548 ,43.8589 
"2018.09.28_08",12.3233 ,11.9925 ,13.3508 ,11.8911 , ,31.9476 ,42.5756 ,49.3155 ,62.1245 ,53.1245 ,54.7621 ,11.6381 ,64.8750 ,36.8317 ,64.2863 ,40.5594 ,36.0881 ,56.6542 ,54.5867 ,50.8105 ,29.6058 ,43.9191 
"2018.09.28_09",12.3966 ,12.1412 ,12.7671 ,12.0282 , ,31.8347 ,42.5242 ,49.0746 ,62.1250 ,53.0756 ,54.4708 ,11.6431 ,64.8750 ,37.5232 ,64.2077 ,41.1224 ,35.8382 ,56.3403 ,54.3448 ,50.8114 ,29.3569 ,43.7532 
"2018.09.28_10",12.6390 ,12.4504 ,12.6865 ,12.3861 , ,31.7560 ,42.4587 ,48.7944 ,62.1250 ,53.0595 ,54.2470 ,11.9446 ,64.8750 ,37.0091 ,64.0786 ,39.6129 ,35.7087 ,56.1421 ,54.0897 ,50.7722 ,29.1391 ,43.4415 
"2018.09.28_11",12.8847 ,12.7899 ,14.4748 ,12.6764 , ,31.7077 ,42.4294 ,48.7863 ,62.1250 ,53.0280 ,54.0423 ,12.3135 ,64.8750 ,36.6502 ,63.9143 ,40.3922 ,35.6088 ,55.9671 ,53.8196 ,50.7500 ,28.9435 ,43.5727 
"2018.09.28_12",12.9903 ,12.8976 ,13.6431 ,12.7127 , ,31.6875 ,42.3619 ,48.5171 ,62.1250 ,52.9704 ,53.8024 ,12.5403 ,64.8720 ,37.6542 ,63.7218 ,40.9271 ,35.5077 ,55.7177 ,53.5544 ,50.6990 ,28.7974 ,43.4490 
"2018.09.28_13",13.3538 ,13.4174 ,15.8105 ,13.5323 , ,31.6996 ,42.4284 ,48.3891 ,62.1190 ,52.9345 ,53.6633 ,13.3579 ,64.8145 ,37.2490 ,63.4909 ,38.7183 ,35.4464 ,55.5645 ,53.2692 ,50.6597 ,28.6744 ,43.2292 
"2018.09.28_14",14.1131 ,14.2888 ,16.9839 ,14.3054 , ,31.7319 ,42.4032 ,48.3589 ,62.0868 ,52.8966 ,53.4748 ,14.5504 ,64.7873 ,38.0000 ,63.2177 ,40.2373 ,35.4204 ,55.4087 ,52.9798 ,50.6117 ,28.6250 ,43.4192 
"2018.09.28_15",14.2425 ,14.3966 ,15.6552 ,14.3579 , ,31.6915 ,42.3629 ,48.1260 ,62.0502 ,52.8356 ,53.3478 ,14.7208 ,64.7389 ,39.0222 ,62.9567 ,40.5000 ,35.3981 ,55.2037 ,52.7087 ,50.5316 ,28.7510 ,43.3009 
"2018.09.28_16",14.1466 ,14.2662 ,16.2581 ,14.2177 , ,31.6704 ,42.4667 ,48.1704 ,62.0149 ,52.8105 ,53.3266 ,14.5020 ,64.6764 ,38.0010 ,62.6835 ,39.2024 ,35.3505 ,55.0856 ,52.4425 ,50.4878 ,28.9254 ,43.3342 
"2018.09.28_17",14.3427 ,14.4235 ,15.9593 ,14.3363 , ,31.6482 ,42.2349 ,48.1038 ,61.9500 ,52.7506 ,53.1875 ,14.5387 ,64.6008 ,39.4062 ,62.4204 ,40.2205 ,35.3131 ,54.9165 ,52.1925 ,50.4256 ,28.8552 ,43.3511 
"2018.09.28_18",14.0797 ,13.9569 ,14.7712 ,14.0454 , ,31.6637 ,41.9821 ,47.8869 ,61.8992 ,52.7137 ,53.0595 ,14.1129 ,64.5159 ,39.8502 ,62.1399 ,39.3216 ,35.3135 ,54.7571 ,51.9425 ,50.3478 ,28.7258 ,43.1079 
"2018.09.28_19",13.7511 ,13.5463 ,15.4778 ,13.7450 , ,31.6855 ,41.6623 ,47.9405 ,61.8508 ,52.6834 ,52.9708 ,13.6925 ,64.4113 ,39.4284 ,61.8710 ,39.5283 ,35.3078 ,54.6456 ,51.7127 ,50.2966 ,28.5625 ,43.2117 
"2018.09.28_20",13.5517 ,13.3125 ,14.3458 ,13.5222 , ,31.6875 ,41.5202 ,47.8206 ,61.7631 ,52.6256 ,52.8226 ,13.3185 ,64.2994 ,40.3740 ,61.6179 ,40.1054 ,35.2405 ,54.4661 ,51.5050 ,50.2363 ,28.4083 ,43.1548 
"2018.09.28_21",13.3071 ,13.0172 ,13.8558 ,13.3538 , ,31.7147 ,41.4869 ,47.6724 ,61.7198 ,52.5938 ,52.7308 ,13.0232 ,64.1855 ,40.1361 ,61.3861 ,38.6825 ,35.1583 ,54.3427 ,51.3095 ,50.1855 ,28.2692 ,42.8962 
"2018.09.28_22",12.8559 ,12.5530 ,12.8980 ,12.9934 , ,31.7500 ,41.4479 ,47.7188 ,61.6875 ,52.5625 ,52.6250 ,12.6612 ,64.1151 ,41.4901 ,61.2500 ,40.9106 ,35.1024 ,54.2500 ,51.1875 ,50.1455 ,31.1776 ,43.0916 
"2018.09.28_23",12.8103 ,12.5259 , , , , , , , , , , , , , , , , , , , , 
"2018.09.29_00",12.7662 ,12.4903 , , , , , , , , , , , , , , , , , , , , 
"2018.09.29_01",12.8578 ,12.6940 , , , , , , , , , , , , , , , , , , , , 
"2018.09.29_02",12.8093 ,12.6131 , , , , , , , , , , , , , , , , , , , , 
"2018.09.29_03",12.7511 ,12.5517 , , , , , , , , , , , , , , , , , , , , 
"2018.09.29_04",12.7034 ,12.5339 , , , , , , , , , , , , , , , , , , , , 
"2018.09.29_05",12.7004 ,12.5841 , , , , , , , , , , , , , , , , , , , , 
"2018.09.29_06",12.6950 ,12.5550 , , , , , , , , , , , , , , , , , , , , 
"2018.09.29_07",12.7338 ,12.6455 , , , , , , , , , , , , , , , , , , , , 
"2018.09.29_08",13.0275 ,13.0053 ,14.1250 ,13.8125 , ,31.5000 ,41.3750 ,51.3750 , , ,55.0625 ,13.0625 ,62.7500 ,49.7500 ,59.8750 , , , ,51.0000 , ,27.1250 , 
"2018.09.29_09",13.7917 ,13.9200 ,15.4497 ,15.2688 , ,31.5304 ,41.4087 ,51.0863 ,61.1839 ,52.1036 ,55.0658 ,13.5149 ,62.7058 ,45.2771 ,59.8490 ,42.1497 ,33.8122 ,54.3197 ,51.0415 ,49.9367 ,27.1598 ,42.1458 
"2018.09.29_10",14.6789 ,14.8728 ,17.3097 ,27.5597 , ,31.4464 ,41.5397 ,49.0774 ,61.1169 ,51.9798 ,54.2956 ,15.0889 ,62.5526 ,40.8968 ,59.8125 ,38.5413 ,33.8175 ,54.3740 ,51.0456 ,49.8851 ,27.2073 ,41.3458 
"2018.09.29_11",15.3037 ,15.5669 ,17.8502 ,20.0159 , ,31.4355 ,41.7127 ,47.9768 ,61.0413 ,51.8962 ,53.4627 ,16.4603 ,62.4315 ,42.6804 ,59.8589 ,40.9577 ,33.9052 ,54.3649 ,50.8921 ,49.8750 ,27.3377 ,41.2762 
"2018.09.29_12",15.8276 ,16.1994 ,18.8241 ,30.4403 , ,31.4194 ,41.6058 ,47.7853 ,60.9607 ,51.7974 ,53.0877 ,17.6344 ,62.3206 ,41.5948 ,59.8750 ,39.2379 ,33.9758 ,54.2450 ,50.6754 ,49.8417 ,27.5131 ,41.5373 
"2018.09.29_13",16.3578 ,16.8858 ,20.1658 ,27.4987 , ,31.4587 ,41.3508 ,47.4375 ,60.8629 ,51.7087 ,52.7117 ,19.2020 ,62.2117 ,39.8841 ,59.8901 ,40.3347 ,34.0907 ,54.0696 ,50.4738 ,49.8125 ,27.6966 ,41.6673 
"2018.09.29_14",16.4470 ,16.8559 ,20.2419 ,23.7681 , ,31.5292 ,41.1270 ,47.2923 ,60.7671 ,51.6129 ,52.5192 ,18.9748 ,62.0998 ,41.9234 ,59.9375 ,40.2843 ,34.2087 ,53.8942 ,50.2883 ,49.7722 ,27.9335 ,41.7177 
"2018.09.29_15",16.6272 ,16.9084 ,19.1686 ,29.6849 , ,31.6129 ,40.9708 ,47.3629 ,60.6573 ,51.5373 ,52.3679 ,18.7422 ,62.0141 ,43.5222 ,59.9173 ,39.9940 ,34.2964 ,53.7198 ,50.1038 ,49.7389 ,28.1089 ,41.9405 
"2018.09.29_16",16.5431 ,16.8491 ,18.7783 ,27.6342 , ,31.6806 ,40.6944 ,47.2688 ,60.5496 ,51.4593 ,52.2659 ,18.5158 ,61.9167 ,43.8046 ,59.8413 ,40.6280 ,34.3730 ,53.5625 ,49.9345 ,49.6875 ,28.2927 ,42.0079 
"2018.09.29_17",15.7575 ,15.9677 ,17.5565 ,23.9395 , ,31.7389 ,40.5242 ,47.2762 ,60.4546 ,51.3790 ,52.2641 ,17.5278 ,61.8599 ,43.9718 ,59.7661 ,39.5262 ,34.3155 ,53.4244 ,49.7712 ,49.6351 ,28.4768 ,42.0000 
"2018.09.29_18",15.4062 ,15.2047 ,17.1796 ,28.5671 , ,31.8065 ,40.4415 ,47.3044 ,60.3508 ,51.3135 ,52.1633 ,16.4276 ,61.8044 ,45.0907 ,59.6562 ,39.5131 ,34.2450 ,53.2974 ,49.6230 ,49.6079 ,28.4516 ,42.0927 
"2018.09.29_19",14.6756 ,14.2328 ,15.7904 ,25.1309 , ,31.8700 ,40.2611 ,47.0938 ,60.2681 ,51.2530 ,52.0192 ,15.0957 ,61.7339 ,45.4919 ,59.5544 ,40.1119 ,34.1532 ,53.1865 ,49.4889 ,49.5625 ,28.3327 ,41.9839 
"2018.09.29_20",14.1833 ,13.4915 ,15.3750 ,25.0181 , ,31.9294 ,40.1028 ,47.0353 ,60.1895 ,51.2218 ,51.9304 ,14.3256 ,61.6643 ,45.1240 ,59.4728 ,38.3236 ,34.0060 ,53.0786 ,49.3629 ,49.5202 ,28.1815 ,41.8921 
"2018.09.29_21",13.6756 ,12.8610 ,15.4559 ,27.0053 , ,31.9375 ,40.0010 ,46.9909 ,60.1169 ,51.1875 ,51.7974 ,13.5862 ,61.5917 ,45.2631 ,59.3942 ,38.9093 ,33.8317 ,52.9698 ,49.2490 ,49.5000 ,28.0071 ,41.9022 
"2018.09.29_22",13.1929 ,12.3039 ,12.8700 ,18.2782 , ,31.9647 ,39.8548 ,46.7641 ,60.0554 ,51.1462 ,51.6603 ,12.9395 ,61.5192 ,45.0806 ,59.3266 ,39.2933 ,33.6573 ,52.8558 ,49.1391 ,49.4778 ,27.8357 ,41.7188 
"2018.09.29_23",12.7877 ,11.8416 ,14.9753 ,27.0280 , ,31.9819 ,39.8125 ,46.7611 ,60.0000 ,51.1230 ,51.5655 ,12.4212 ,61.4486 ,44.4990 ,59.2823 ,37.6895 ,33.4718 ,52.7591 ,49.0292 ,49.4375 ,27.6552 ,41.6401 
"2018.09.30_00",12.5097 ,11.5219 ,14.2227 ,24.9967 , ,31.9385 ,39.8740 ,46.6764 ,59.9446 ,51.0726 ,51.4183 ,11.8757 ,61.3770 ,44.8175 ,59.2339 ,38.5806 ,33.2631 ,52.6552 ,48.9254 ,49.4375 ,27.4748 ,41.6058 
"2018.09.30_01",12.1789 ,11.1928 ,12.0262 ,17.8639 , ,31.8982 ,39.8710 ,46.4677 ,59.9052 ,51.0474 ,51.3065 ,11.4274 ,61.3145 ,44.5867 ,59.1865 ,38.3881 ,33.0524 ,52.5474 ,48.8145 ,49.4214 ,27.2893 ,41.3911 
"2018.09.30_02",11.9828 ,11.0722 ,14.4691 ,26.4553 , ,31.8619 ,39.8750 ,46.4869 ,59.8730 ,51.0000 ,51.2268 ,11.2316 ,61.2500 ,44.3589 ,59.1280 ,37.4083 ,32.8397 ,52.4486 ,48.7026 ,49.3760 ,27.0958 ,41.3548 
"2018.09.30_03",11.8015 ,10.8114 ,13.5286 ,23.9525 , ,31.7843 ,39.8750 ,46.3558 ,59.8256 ,50.9466 ,51.0746 ,10.9609 ,61.1946 ,44.4698 ,59.0837 ,38.3468 ,32.6240 ,52.3468 ,48.5927 ,49.3750 ,26.8982 ,41.2752 
"2018.09.30_04",11.4138 ,10.4321 ,12.0131 ,18.9647 , ,31.7198 ,39.8750 ,46.2006 ,59.7954 ,50.9123 ,50.9728 ,10.5444 ,61.1421 ,44.3478 ,59.0333 ,37.5766 ,32.4244 ,52.2399 ,48.4819 ,49.3639 ,26.6956 ,41.0655 
"2018.09.30_05",10.9601 ,9.9795 ,13.7318 ,25.2435 , ,31.6300 ,39.8206 ,46.2319 ,59.7500 ,50.8750 ,50.8690 ,10.0768 ,61.0847 ,44.2308 ,58.9728 ,37.2056 ,32.1825 ,52.1462 ,48.3669 ,49.3125 ,26.4617 ,41.0625 
"2018.09.30_06",10.6974 ,9.6414 ,12.4914 ,22.3178 , ,31.5292 ,39.7732 ,46.0645 ,59.7208 ,50.8206 ,50.7339 ,9.7289 ,61.0403 ,44.4052 ,58.9163 ,38.1411 ,31.9415 ,52.0413 ,48.2540 ,49.3125 ,26.2258 ,40.9425 
"2018.09.30_07",10.6573 ,9.6864 ,11.8276 ,19.5585 , ,31.4276 ,39.6895 ,45.9544 ,59.6875 ,50.7817 ,50.6627 ,9.5534 ,60.9960 ,43.8522 ,58.8621 ,36.8095 ,31.7093 ,51.9484 ,48.1438 ,49.2629 ,25.9851 ,40.7560 
"2018.09.30_08",11.0219 ,10.4715 ,13.7702 ,25.0397 , ,31.3236 ,39.6250 ,45.9506 ,59.6804 ,50.7379 ,50.5575 ,9.8730 ,60.9395 ,43.7339 ,58.8004 ,37.0252 ,31.4899 ,51.8488 ,48.0232 ,49.2500 ,25.7651 ,40.7651 
"2018.09.30_09",11.8485 ,11.8856 ,14.1368 ,22.8993 , ,31.2026 ,39.5685 ,45.7329 ,59.6310 ,50.6734 ,50.4153 ,11.4447 ,60.8921 ,43.8397 ,58.7429 ,37.8770 ,31.3468 ,51.7480 ,47.9052 ,49.2056 ,25.5927 ,40.6542 
"2018.09.30_10",12.5614 ,12.9715 ,15.8327 ,23.7379 , ,31.0877 ,39.5968 ,45.6643 ,59.6240 ,50.6028 ,50.3337 ,12.9919 ,60.8478 ,42.9819 ,58.6815 ,36.5312 ,31.3125 ,51.6542 ,47.7772 ,49.1855 ,25.5232 ,40.6169 
"2018.09.30_11",13.2415 ,13.8549 ,17.1836 ,26.5605 , ,31.0020 ,39.5867 ,45.6361 ,59.5706 ,50.5292 ,50.2389 ,14.8132 ,60.7893 ,42.9627 ,58.6220 ,37.5363 ,31.2994 ,51.5514 ,47.6492 ,49.1300 ,25.5373 ,40.7198 
"2018.09.30_12",13.9024 ,14.6458 ,18.9196 ,20.7161 , ,30.9083 ,39.6280 ,45.4950 ,59.5192 ,50.4375 ,50.1522 ,16.1661 ,60.7470 ,42.9819 ,58.5444 ,38.1552 ,31.2500 ,51.4597 ,47.5171 ,49.0927 ,25.5988 ,40.6623 
"2018.09.30_13",14.8607 ,15.7950 ,19.3381 ,29.4709 , ,30.8690 ,39.5766 ,45.6018 ,59.4486 ,50.3498 ,50.1250 ,17.4801 ,60.6905 ,41.7802 ,58.4667 ,37.6220 ,31.2087 ,51.3548 ,47.3810 ,49.0464 ,25.6825 ,40.7500 
"2018.09.30_14",15.1466 ,15.9612 ,19.9553 ,27.6737 , ,30.8135 ,39.3901 ,45.6240 ,59.3720 ,50.2671 ,50.0645 ,17.8704 ,60.6694 ,42.8700 ,58.3962 ,38.6492 ,31.2500 ,51.2742 ,47.2581 ,48.9940 ,25.7530 ,40.8468 
"2018.09.30_15",15.2974 ,15.9418 ,18.8609 ,22.4869 , ,30.8125 ,39.1361 ,45.5111 ,59.2833 ,50.1704 ,50.0262 ,17.6946 ,60.6139 ,43.6452 ,58.3054 ,38.7923 ,31.3065 ,51.1915 ,47.1482 ,48.9365 ,25.8115 ,40.7712 
"2018.09.30_16",15.5487 ,15.9661 ,18.2780 ,28.8757 , ,30.8115 ,38.9546 ,45.5565 ,59.1875 ,50.0938 ,49.9929 ,17.5618 ,60.5413 ,43.7550 ,58.2248 ,37.8196 ,31.4456 ,51.1149 ,47.0544 ,48.8760 ,25.8851 ,40.8488 
"2018.09.30_17",15.6239 ,15.9024 ,17.7493 ,27.3461 , ,30.8125 ,38.9375 ,45.4466 ,59.0917 ,50.0111 ,49.8992 ,17.1980 ,60.4607 ,44.0938 ,58.1462 ,38.4516 ,31.5907 ,51.0494 ,46.9778 ,48.8115 ,26.0000 ,40.8589 
"2018.09.30_18",15.3936 ,15.4397 ,16.4187 ,23.0982 , ,30.8125 ,38.9375 ,45.2873 ,58.9849 ,49.9365 ,49.8468 ,16.5099 ,60.3679 ,44.0252 ,58.0665 ,37.7823 ,31.6855 ,50.9909 ,46.9022 ,48.7490 ,26.1129 ,40.7369 
"2018.09.30_19",15.0830 ,14.8405 ,16.6053 ,28.1322 , ,30.8569 ,38.9284 ,45.2974 ,58.8942 ,49.8669 ,49.7550 ,15.7993 ,60.2792 ,43.5938 ,58.0010 ,37.3377 ,31.6905 ,50.9335 ,46.8327 ,48.6935 ,26.2097 ,40.7863 
"2018.09.30_20",14.6972 ,14.3039 ,15.7298 ,25.4349 , ,30.8750 ,38.8911 ,45.1290 ,58.7944 ,49.8075 ,49.6472 ,14.9811 ,60.1855 ,43.7399 ,57.9425 ,38.0383 ,31.6794 ,50.8740 ,46.7692 ,48.6421 ,26.2621 ,40.7077 
"2018.09.30_21",14.4709 ,14.0043 ,15.0615 ,22.6381 , ,30.9018 ,38.8879 ,45.0278 ,58.7183 ,49.7450 ,49.5764 ,14.6069 ,60.1002 ,43.1429 ,57.8879 ,36.8899 ,31.6081 ,50.8115 ,46.7024 ,48.6052 ,26.3125 ,40.5605 
"2018.09.30_22",14.3294 ,13.8538 ,15.7908 ,27.1539 , ,30.9365 ,38.9022 ,45.0131 ,58.6462 ,49.6875 ,49.4798 ,14.3362 ,60.0151 ,42.9929 ,57.8427 ,36.9748 ,31.5302 ,50.7440 ,46.6351 ,48.5625 ,26.3125 ,40.5877 
"2018.09.30_23",14.3093 ,13.8782 ,15.2689 ,24.4551 , ,30.9375 ,38.9335 ,44.8085 ,58.5716 ,49.6300 ,49.3518 ,14.1797 ,59.9315 ,43.3931 ,57.7984 ,37.6764 ,31.4536 ,50.6784 ,46.5565 ,48.5242 ,26.3125 ,40.4637 
"2018.10.01_00",14.3157 ,13.8955 ,15.3690 ,24.0716 , ,30.9294 ,38.9375 ,44.7651 ,58.5060 ,49.5776 ,49.2782 ,14.1633 ,59.8558 ,43.1018 ,57.7460 ,36.2923 ,31.3800 ,50.6008 ,46.4778 ,48.5000 ,26.3125 ,40.3841 
"2018.10.01_01",14.3308 ,13.9418 ,15.7422 ,26.4837 , ,30.8992 ,38.9617 ,44.7248 ,58.4375 ,49.5222 ,49.1784 ,14.1530 ,59.7883 ,43.0897 ,57.6845 ,36.8750 ,31.3135 ,50.5343 ,46.4022 ,48.4597 ,26.3125 ,40.4133 
"2018.10.01_02",14.2252 ,13.7457 ,14.3526 ,20.4159 , ,30.8750 ,39.0000 ,44.5312 ,58.3690 ,49.4637 ,49.0554 ,13.9599 ,59.7167 ,43.1542 ,57.6270 ,37.3367 ,31.2510 ,50.4577 ,46.3246 ,48.4375 ,26.3125 ,40.2752 
"2018.10.01_03",14.1875 ,13.7026 ,15.9668 ,28.1036 , ,30.8750 ,39.0000 ,44.5232 ,58.3024 ,49.4113 ,48.9819 ,13.9565 ,59.6472 ,42.7278 ,57.5716 ,35.9788 ,31.1794 ,50.3861 ,46.2339 ,48.4042 ,26.2772 ,40.2409 
"2018.10.01_04",14.1811 ,13.7341 ,15.4583 ,25.9993 , ,30.8750 ,39.0000 ,44.4415 ,58.2389 ,49.3579 ,48.8770 ,13.8861 ,59.5847 ,42.8891 ,57.5161 ,36.8014 ,31.1058 ,50.3054 ,46.1613 ,48.3750 ,26.2520 ,40.2571 
"2018.10.01_05",14.2851 ,14.0482 ,14.6018 ,20.1431 , ,30.8679 ,39.0000 ,44.2621 ,58.1784 ,49.3004 ,48.7843 ,14.0060 ,59.5161 ,43.0716 ,57.4567 ,36.7470 ,31.0403 ,50.2278 ,46.0837 ,48.3619 ,26.2480 ,40.1129 
"2018.10.01_06",14.4903 ,14.2694 ,16.1145 ,27.6638 , ,30.8236 ,39.0141 ,44.2833 ,58.1149 ,49.2450 ,48.6925 ,14.2171 ,59.4577 ,42.6280 ,57.3901 ,35.9829 ,30.9869 ,50.1492 ,46.0010 ,48.3125 ,26.2147 ,40.1492 
"2018.10.01_07",14.7270 ,14.5932 ,15.9603 ,25.9382 , ,30.8125 ,39.0565 ,44.1613 ,58.0484 ,49.1835 ,48.5786 ,14.5605 ,59.3942 ,42.7571 ,57.3266 ,36.8266 ,30.9375 ,50.0665 ,45.9163 ,48.3125 ,26.2036 ,40.1472 
"2018.10.01_08",15.1645 ,15.2292 ,16.1038 ,21.8841 , ,30.8125 ,39.0756 ,44.0222 ,57.9829 ,49.1190 ,48.5101 ,15.1472 ,59.3317 ,42.7167 ,57.2651 ,36.3347 ,30.9375 ,50.0010 ,45.8438 ,48.2621 ,26.2500 ,40.0312 
"2018.10.01_09",15.7683 ,15.9235 ,17.2214 ,27.7910 , ,30.8125 ,39.1593 ,44.0444 ,57.9173 ,49.0524 ,48.4335 ,15.9069 ,59.2651 ,42.3841 ,57.1986 ,36.1492 ,30.9778 ,49.9214 ,45.7692 ,48.2500 ,26.3075 ,40.1109 
"2018.10.01_10",16.4170 ,16.6239 ,17.9099 ,26.3322 , ,30.8125 ,39.2248 ,43.9123 ,57.8458 ,48.9829 ,48.3266 ,17.1592 ,59.2026 ,42.6411 ,57.1270 ,36.9688 ,31.0000 ,49.8448 ,45.6804 ,48.2147 ,26.3861 ,40.1109 
"2018.10.01_11",16.7733 ,16.9799 ,18.2470 ,24.5333 , ,30.8397 ,39.3024 ,43.8377 ,57.7702 ,48.9062 ,48.2631 ,17.6976 ,59.1411 ,42.5222 ,57.0504 ,36.1946 ,31.0554 ,49.7671 ,45.6018 ,48.1875 ,26.4637 ,40.0565 
"2018.10.01_12",17.3082 ,17.5550 ,18.7383 ,28.6973 , ,30.8750 ,39.3730 ,43.8403 ,57.6756 ,48.8343 ,48.1875 ,18.5540 ,59.0714 ,42.4534 ,56.9772 ,36.5000 ,31.1577 ,49.6845 ,45.5288 ,48.1548 ,26.5962 ,40.1776 
"2018.10.01_13",17.6929 ,17.8998 ,19.3366 ,26.9902 , ,30.9335 ,39.3760 ,43.6935 ,57.5867 ,48.7571 ,48.0867 ,19.2708 ,59.0050 ,42.3357 ,56.9032 ,37.2067 ,31.3024 ,49.6099 ,45.4556 ,48.1250 ,26.7823 ,40.1552 
"2018.10.01_14",18.0194 ,18.2586 ,19.8669 ,26.7097 , ,31.0252 ,39.4355 ,43.6623 ,57.4808 ,48.6754 ,48.0423 ,19.7812 ,58.9274 ,41.6935 ,56.8488 ,36.2893 ,31.4627 ,49.5353 ,45.3931 ,48.0827 ,26.9718 ,40.1532 
"2018.10.01_15",18.5011 ,18.8233 ,19.8980 ,29.3099 , ,31.1280 ,39.4788 ,43.6593 ,57.3821 ,48.5968 ,47.9597 ,20.5513 ,58.8528 ,42.4556 ,56.7883 ,36.9204 ,31.6119 ,49.4708 ,45.3417 ,48.0565 ,27.1845 ,40.2762 
"2018.10.01_16",18.5784 ,18.6886 ,19.6868 ,25.9302 , ,31.2480 ,39.5000 ,43.4960 ,57.2702 ,48.5252 ,47.8952 ,20.4499 ,58.7752 ,42.5282 ,56.7248 ,37.3931 ,31.8145 ,49.4022 ,45.3044 ,48.0030 ,27.4073 ,40.2137 
"2018.10.01_17",18.6327 ,18.6360 ,18.8898 ,30.1189 , ,31.3780 ,39.5181 ,43.5050 ,57.1573 ,48.4577 ,47.8528 ,20.3889 ,58.6875 ,42.2833 ,56.6704 ,36.3004 ,32.0101 ,49.3387 ,45.2510 ,47.9738 ,27.6411 ,40.2581 
"2018.10.01_18",18.5191 ,18.4449 ,18.4862 ,28.9836 , ,31.5131 ,39.5625 ,43.4567 ,57.0413 ,48.3911 ,47.7520 ,19.8921 ,58.5948 ,42.4032 ,56.6028 ,36.8881 ,32.1623 ,49.2782 ,45.2288 ,47.9375 ,27.8599 ,40.3226 
"2018.10.01_19",18.3607 ,18.2489 ,18.1022 ,23.7133 , ,31.6492 ,39.5877 ,43.2903 ,56.9325 ,48.3286 ,47.6915 ,19.4534 ,58.5141 ,42.5262 ,56.5514 ,36.7833 ,32.2661 ,49.2208 ,45.1875 ,47.8881 ,28.0595 ,40.2077 
"2018.10.01_20",18.2129 ,18.0667 ,18.0776 ,29.5671 , ,31.7863 ,39.5877 ,43.3044 ,56.8367 ,48.2742 ,47.6250 ,19.1559 ,58.4214 ,41.8196 ,56.4970 ,36.0292 ,32.3165 ,49.1653 ,45.1855 ,47.8750 ,28.2218 ,40.2581 
"2018.10.01_21",18.0377 ,17.8308 ,17.9609 ,27.5723 , ,31.9506 ,39.5938 ,43.2006 ,56.7288 ,48.2228 ,47.5181 ,18.7663 ,58.3397 ,40.4647 ,56.4395 ,36.7460 ,32.3730 ,49.1190 ,45.1673 ,47.8266 ,28.3508 ,40.2510 
"2018.10.01_22",17.3491 ,16.9246 ,16.9718 ,22.4960 , ,32.1190 ,39.6109 ,43.0665 ,56.6411 ,48.1794 ,47.4567 ,17.9698 ,58.2520 ,39.4294 ,56.4375 ,36.3438 ,32.3347 ,49.0635 ,45.1835 ,47.8125 ,28.4304 ,40.0948 
"2018.10.01_23",16.8847 ,16.4106 ,17.2362 ,27.7980 , ,32.2329 ,39.6683 ,43.1069 ,56.5494 ,48.1250 ,47.3841 ,17.3993 ,58.1744 ,40.0040 ,56.4375 ,35.9909 ,32.2702 ,49.0161 ,45.1865 ,47.8125 ,28.4819 ,40.1169 
"2018.10.02_00",16.6541 ,16.3050 ,16.9714 ,25.9831 , ,32.3458 ,39.6522 ,42.9950 ,56.4778 ,48.0877 ,47.3034 ,16.9382 ,58.1109 ,40.7913 ,56.4375 ,36.6845 ,32.1794 ,48.9647 ,45.1562 ,47.7923 ,28.5000 ,40.0363 
"2018.10.02_01",16.2834 ,15.9364 ,16.7298 ,22.9476 , ,32.4325 ,39.6250 ,42.9214 ,56.4083 ,48.0595 ,47.2480 ,16.6058 ,58.0484 ,40.9980 ,56.3931 ,35.8286 ,32.1008 ,48.9113 ,45.1250 ,47.7520 ,28.5000 ,39.9254 
"2018.10.02_02",15.9036 ,15.4989 ,16.9102 ,27.2122 , ,32.5099 ,39.5774 ,42.9345 ,56.3433 ,48.0030 ,47.1845 ,16.0605 ,57.9970 ,40.9296 ,56.3482 ,35.9276 ,31.9821 ,48.8522 ,45.1052 ,47.7500 ,28.4812 ,39.9623 
"2018.10.02_03",15.6131 ,15.1562 ,16.2888 ,24.6158 , ,32.5625 ,39.5615 ,42.7994 ,56.2792 ,47.9899 ,47.0837 ,15.5572 ,57.9405 ,41.4274 ,56.3044 ,36.5716 ,31.8357 ,48.7984 ,45.0635 ,47.7278 ,28.4385 ,39.8518 
"2018.10.02_04",15.4957 ,15.1067 ,16.1825 ,23.7490 , ,32.5625 ,39.5222 ,42.7823 ,56.2258 ,47.9375 ,47.0393 ,15.4052 ,57.8871 ,41.3871 ,56.2419 ,35.3538 ,31.6956 ,48.7339 ,45.0554 ,47.6875 ,28.3800 ,39.7591 
"2018.10.02_05",15.4925 ,15.1131 ,16.5241 ,26.6536 , ,32.5625 ,39.5000 ,42.7712 ,56.1764 ,47.9012 ,46.9435 ,15.3398 ,57.8468 ,41.5232 ,56.1845 ,35.8286 ,31.5766 ,48.6774 ,45.0030 ,47.6804 ,28.3276 ,39.7873 
"2018.10.02_06",15.5065 ,15.1509 ,16.0971 ,23.7294 , ,32.5575 ,39.4617 ,42.6159 ,56.1250 ,47.8669 ,46.8871 ,15.2912 ,57.8044 ,41.7137 ,56.1230 ,36.3024 ,31.4758 ,48.6179 ,44.9899 ,47.6270 ,28.2752 ,39.6562 
"2018.10.02_07",15.4914 ,15.1789 ,16.5675 ,25.8978 , ,32.5030 ,39.4375 ,42.6361 ,56.0696 ,47.8125 ,46.8468 ,15.3403 ,57.7510 ,41.3639 ,56.0625 ,35.0827 ,31.3972 ,48.5514 ,44.9385 ,47.6159 ,28.2258 ,39.6220 
"2018.10.02_08",15.6530 ,15.3966 ,16.6855 ,26.3535 , ,32.4657 ,39.4294 ,42.5968 ,56.0252 ,47.7671 ,46.7500 ,15.5234 ,57.6996 ,41.5464 ,56.0030 ,35.8569 ,31.3236 ,48.4899 ,44.9304 ,47.5635 ,28.1815 ,39.6411 
"2018.10.02_09",15.9515 ,15.8157 ,16.6038 ,20.3831 , ,32.4083 ,39.3508 ,42.4627 ,55.9829 ,47.7137 ,46.6915 ,15.9425 ,57.6623 ,41.7258 ,55.9405 ,35.9052 ,31.2651 ,48.4284 ,44.8770 ,47.5464 ,28.1139 ,39.5020 
"2018.10.02_10",16.6205 ,16.7045 ,17.8223 ,28.3151 , ,32.3740 ,39.3619 ,42.4919 ,55.9355 ,47.6542 ,46.6391 ,16.7865 ,57.6240 ,41.4405 ,55.8800 ,35.2440 ,31.2571 ,48.3599 ,44.8669 ,47.5000 ,28.0625 ,39.5524 
"2018.10.02_11",17.5205 ,17.7425 ,18.6224 ,27.4493 , ,32.3468 ,39.4335 ,42.4103 ,55.8720 ,47.5907 ,46.5675 ,18.2724 ,57.5665 ,41.6925 ,55.8165 ,36.0847 ,31.3367 ,48.2994 ,44.8155 ,47.4617 ,28.0625 ,39.5685 
"2018.10.02_12",18.7295 ,19.0636 ,20.5927 ,24.4667 , ,32.3125 ,39.4577 ,42.3065 ,55.8115 ,47.5181 ,46.5181 ,19.8488 ,57.5192 ,41.6986 ,55.7480 ,35.8639 ,31.4476 ,48.2278 ,44.8044 ,47.4244 ,28.0998 ,39.4929 
"2018.10.02_13",19.7597 ,20.0172 ,20.5957 ,29.8366 , ,32.3155 ,39.5948 ,42.3599 ,55.7308 ,47.4345 ,46.4728 ,21.1803 ,57.4788 ,41.4587 ,55.6724 ,35.9113 ,31.5625 ,48.1653 ,44.7510 ,47.3740 ,28.2611 ,39.6391 
"2018.10.02_14",19.9746 ,20.0862 ,20.9440 ,28.7702 , ,32.3679 ,39.7278 ,42.2863 ,55.6452 ,47.3528 ,46.4183 ,21.7038 ,57.4294 ,41.7651 ,55.6028 ,36.6663 ,31.7379 ,48.0978 ,44.7500 ,47.3165 ,28.4859 ,39.6714 
"2018.10.02_15",19.9935 ,20.0138 ,20.6986 ,26.1532 , ,32.4617 ,39.8256 ,42.2641 ,55.5403 ,47.2762 ,46.4073 ,21.5806 ,57.3750 ,41.7450 ,55.5333 ,36.1512 ,31.9103 ,48.0373 ,44.7087 ,47.2651 ,28.7298 ,39.6583 
"2018.10.02_16",19.4784 ,19.3498 ,19.3425 ,28.9407 , ,32.5426 ,39.4375 ,42.5013 ,55.4362 ,47.2247 ,46.4960 ,20.8896 ,57.2766 ,40.2234 ,55.4721 ,36.6277 ,32.0771 ,48.0745 ,44.7487 ,47.2513 ,30.1875 ,39.8697 
"2018.10.03_20",17.8345 ,17.5270 , , , , , , , , , , , , , , , , , , , , 
"2018.10.03_21",17.5582 ,17.1864 , , , , , , , , , , , , , , , , , , , , 
"2018.10.03_22",17.2317 ,16.7554 , , , , , , , , , , , , , , , , , , , , 
"2018.10.03_23",16.6476 ,16.0054 , , , , , , , , , , , , , , , , , , , , 
"2018.10.04_00",16.2331 ,15.5350 , , , , , , , , , , , , , , , , , , , , 
"2018.10.04_01",15.9009 ,15.2489 , , , , , , , , , , , , , , , , , , , , 
"2018.10.04_02",15.5345 ,14.8405 , , , , , , , , , , , , , , , , , , , , 
"2018.10.04_03",15.4267 ,14.8933 , , , , , , , , , , , , , , , , , , , , 
"2018.10.04_04",15.2791 ,14.6379 , , , , , , , , , , , , , , , , , , , , 
"2018.10.04_05",15.0226 ,14.3491 , , , , , , , , , , , , , , , , , , , , 
"2018.10.04_06",14.7511 ,14.0851 , , , , , , , , , , , , , , , , , , , , 
"2018.10.04_07",14.8220 ,14.2309 , , , , , , , , , , , , , , , , , , , , 
"2018.10.04_08",15.2985 ,15.0054 , , , , , , , , , , , , , , , , , , , , 
"2018.10.04_09",15.8373 ,15.8050 , , , , , , , , , , , , , , , , , , , , 
"2018.10.04_10",16.4784 ,16.5506 , , , , , , , , , , , , , , , , , , , , 
"2018.10.04_11",17.0119 ,17.1175 , , , , , , , , , , , , , , , , , , , , 
"2018.10.04_12",17.6164 ,17.7188 , , , , , , , , , , , , , , , , , , , , 
"2018.10.04_13",18.8901 ,18.9440 , , , , , , , , , , , , , , , , , , , , 
"2018.10.04_14",19.5212 ,19.4333 , , , , , , , , , , , , , , , , , , , , 
"2018.10.04_15",19.6131 ,19.5226 , , , , , , , , , , , , , , , , , , , , 
"2018.10.04_16",19.7198 ,19.6282 , , , , , , , , , , , , , , , , , , , , 
"2018.10.04_17",19.6379 ,19.5356 , , , , , , , , , , , , , , , , , , , , 
"2018.10.04_18",19.5826 ,19.4778 , , , , , , , , , , , , , , , , , , , , 
"2018.10.04_19",19.4849 ,19.3675 , , , , , , , , , , , , , , , , , , , , 
"2018.10.04_20",19.3006 ,19.1940 , , , , , , , , , , , , , , , , , , , , 
"2018.10.04_21",19.0905 ,19.0237 , , , , , , , , , , , , , , , , , , , , 
"2018.10.04_22",19.0431 ,18.9256 , , , , , , , , , , , , , , , , , , , , 
"2018.10.04_23",18.8782 ,18.7669 , , , , , , , , , , , , , , , , , , , , 
"2018.10.05_00",18.4353 ,18.3416 , , , , , , , , , , , , , , , , , , , , 
"2018.10.05_01",17.2974 ,17.2640 , , , , , , , , , , , , , , , , , , , , 
"2018.10.05_02",16.4321 ,16.4655 , , , , , , , , , , , , , , , , , , , , 
"2018.10.05_03",15.8168 ,15.8869 , , , , , , , , , , , , , , , , , , , , 
"2018.10.05_04",15.2977 ,15.3782 , , , , , , , , , , , , , , , , , , , , 
"2018.10.05_05",14.8664 ,15.0054 , , , , , , , , , , , , , , , , , , , , 
"2018.10.05_06",14.4407 ,14.5808 , , , , , , , , , , , , , , , , , , , , 
"2018.10.05_07",13.9720 ,14.3125 , , , , , , , , , , , , , , , , , , , , 
"2018.10.05_08",13.5646 ,14.0244 , , , , , , , , , , , , , , , , , , , , 
"2018.10.05_09",13.5345 ,14.0172 , , , , , , , , , , , , , , , , , , , , 
"2018.10.05_10",13.9009 ,14.2909 , , , , , , , , , , , , , , , , , , , , 
"2018.10.05_11",14.1983 ,14.6185 , , , , , , , , , , , , , , , , , , , , 
"2018.10.05_12",14.5603 ,14.8631 , , , , , , , , , , , , , , , , , , , , 
"2018.10.05_13",15.6133 ,15.9036 , , , , , , , , , , , , , , , , , , , , 
"2018.10.05_14",15.8750 ,16.1110 , , , , , , , , , , , , , , , , , , , , 
"2018.10.05_15",16.0884 ,16.3481 , , , , , , , , , , , , , , , , , , , , 
"2018.10.05_16",16.2252 ,16.4569 , , , , , , , , , , , , , , , , , , , , 
"2018.10.05_17",16.1466 ,16.3685 , , , , , , , , , , , , , , , , , , , , 
"2018.10.05_18",16.0487 ,16.2913 , , , , , , , , , , , , , , , , , , , , 
"2018.10.05_19",15.9688 ,16.2026 , , , , , , , , , , , , , , , , , , , , 
"2018.10.05_20",15.9310 ,16.1401 , , , , , , , , , , , , , , , , , , , , 
"2018.10.05_21",15.8987 ,16.1530 , , , , , , , , , , , , , , , , , , , , 
"2018.10.05_22",15.8146 ,16.0477 , , , , , , , , , , , , , , , , , , , , 
"2018.10.05_23",15.6810 ,15.9116 , , , , , , , , , , , , , , , , , , , , 
"2018.10.06_00",15.7931 ,16.0528 , , , , , , , , , , , , , , , , , , , , 
"2018.10.06_01",15.7705 ,15.9688 , , , , , , , , , , , , , , , , , , , , 
"2018.10.06_02",15.8491 ,16.0797 , , , , , , , , , , , , , , , , , , , , 
"2018.10.06_03",15.8983 ,16.1441 , , , , , , , , , , , , , , , , , , , , 
"2018.10.06_04",15.8050 ,16.0259 , , , , , , , , , , , , , , , , , , , , 
"2018.10.06_05",15.6821 ,15.8438 , , , , , , , , , , , , , , , , , , , , 
"2018.10.06_06",15.4914 ,15.6196 , , , , , , , , , , , , , , , , , , , , 
"2018.10.06_07",15.3464 ,15.4502 , , , , , , , , , , , , , , , , , , , , 
"2018.10.06_08",15.3373 ,15.4784 , , , , , , , , , , , , , , , , , , , , 
"2018.10.06_09",15.3901 ,15.5075 , , , , , , , , , , , , , , , , , , , , 
"2018.10.06_10",15.5097 ,15.6315 , , , , , , , , , , , , , , , , , , , , 
"2018.10.06_11",15.6638 ,15.7985 , , , , , , , , , , , , , , , , , , , , 
"2018.10.06_12",15.8220 ,16.0318 , , , , , , , , , , , , , , , , , , , , 
"2018.10.06_13",16.1153 ,16.3071 , , , , , , , , , , , , , , , , , , , , 
"2018.10.06_14",16.2155 ,16.3287 , , , , , , , , , , , , , , , , , , , , 
"2018.10.06_15",16.3459 ,16.5183 , , , , , , , , , , , , , , , , , , , , 
"2018.10.06_16",16.4246 ,16.6164 , , , , , , , , , , , , , , , , , , , , 
"2018.10.06_17",16.4492 ,16.6038 , , , , , , , , , , , , , , , , , , , , 
"2018.10.06_18",16.4321 ,16.5733 , , , , , , , , , , , , , , , , , , , , 
"2018.10.06_19",16.5302 ,16.7188 , , , , , , , , , , , , , , , , , , , , 
"2018.10.06_20",16.6444 ,16.8556 , , , , , , , , , , , , , , , , , , , , 
"2018.10.06_21",16.8051 ,17.0254 , , , , , , , , , , , , , , , , , , , , 
"2018.10.06_22",17.0291 ,17.1940 , , , , , , , , , , , , , , , , , , , , 
"2018.10.06_23",17.4547 ,17.5474 , , , , , , , , , , , , , , , , , , , , 
"2018.10.07_00",17.6907 ,17.7791 , , , , , , , , , , , , , , , , , , , , 
"2018.10.07_01",17.8545 ,17.9321 , , , , , , , , , , , , , , , , , , , , 
"2018.10.07_02",17.9555 ,18.0360 , , , , , , , , , , , , , , , , , , , , 
"2018.10.07_03",18.0991 ,18.1487 , , , , , , , , , , , , , , , , , , , , 
"2018.10.07_04",18.2532 ,18.2942 , , , , , , , , , , , , , , , , , , , , 
"2018.10.07_05",18.3491 ,18.3901 , , , , , , , , , , , , , , , , , , , , 
"2018.10.07_06",18.4343 ,18.4576 , , , , , , , , , , , , , , , , , , , , 
"2018.10.07_07",18.5140 ,18.5151 , , , , , , , , , , , , , , , , , , , , 
"2018.10.07_08",18.6487 ,18.5916 , , , , , , , , , , , , , , , , , , , , 
"2018.10.07_09",18.9246 ,18.8631 , , , , , , , , , , , , , , , , , , , , 
"2018.10.07_10",19.3384 ,19.3006 , , , , , , , , , , , , , , , , , , , , 
"2018.10.07_11",20.0869 ,19.8994 , , , , , , , , , , , , , , , , , , , , 
"2018.10.07_12",20.7220 ,20.4041 , , , , , , , , , , , , , , , , , , , , 
"2018.10.07_13",20.7834 ,20.6121 , , , , , , , , , , , , , , , , , , , , 
"2018.10.07_14",20.9655 ,20.8244 , , , , , , , , , , , , , , , , , , , , 
"2018.10.07_15",21.3400 ,21.1853 , , , , , , , , , , , , , , , , , , , , 
"2018.10.07_16",21.4989 ,21.3305 , , , , , , , , , , , , , , , , , , , , 
"2018.10.07_17",21.4558 ,21.2532 , , , , , , , , , , , , , , , , , , , , 
"2018.10.07_18",21.2769 ,21.0474 , , , , , , , , , , , , , , , , , , , , 
"2018.10.07_19",20.9989 ,20.7726 , , , , , , , , , , , , , , , , , , , , 
"2018.10.07_20",20.7320 ,20.5064 , , , , , , , , , , , , , , , , , , , , 
"2018.10.07_21",20.5241 ,20.3059 ,18.4658 ,18.9717 , ,36.9653 ,31.6153 ,29.4792 ,43.1764 ,37.9458 ,34.9167 ,21.9926 ,46.1125 ,22.7958 ,42.3042 ,23.4917 ,32.6569 ,34.7736 ,37.4000 ,39.1750 ,28.5250 ,28.1542 
"2018.10.07_22",20.2931 ,20.0916 ,18.7409 ,19.1442 , ,37.0333 ,31.5464 ,29.4708 ,43.0625 ,37.8659 ,34.8750 ,21.2046 ,46.0262 ,22.7520 ,42.2278 ,24.0857 ,32.6260 ,34.6885 ,37.3750 ,39.0927 ,28.5343 ,28.1956 
"2018.10.07_23",19.9946 ,19.7834 ,18.6583 ,18.9718 , ,37.2087 ,31.4476 ,29.7460 ,42.9244 ,37.7782 ,34.9224 ,20.3720 ,45.9123 ,24.2964 ,42.1452 ,25.4052 ,32.6774 ,34.5927 ,37.4456 ,39.0373 ,28.5756 ,28.7278 
"2018.10.08_00",19.5420 ,19.3179 ,18.0111 ,18.3669 , ,37.3760 ,31.3871 ,30.2308 ,42.7823 ,37.6935 ,35.0988 ,19.6321 ,45.7933 ,25.3538 ,42.0806 ,26.6391 ,32.6431 ,34.5192 ,37.5433 ,39.0111 ,28.6179 ,29.5262 
"2018.10.08_01",19.0434 ,18.8284 ,17.4286 ,17.8780 , ,37.5151 ,31.3327 ,30.8004 ,42.6633 ,37.6240 ,35.3619 ,18.9345 ,45.6552 ,26.2913 ,42.0091 ,27.6845 ,32.5998 ,34.4577 ,37.6784 ,39.0020 ,28.5938 ,30.2177 
"2018.10.08_02",18.5873 ,18.4019 ,16.9466 ,17.5060 , ,37.6018 ,31.1804 ,31.4062 ,42.6210 ,37.5625 ,35.6754 ,18.3105 ,45.5292 ,27.1129 ,41.9204 ,28.5927 ,32.5232 ,34.4375 ,37.8397 ,39.0010 ,28.5625 ,30.7258 
"2018.10.08_03",18.2577 ,18.0877 ,16.5736 ,17.3185 , ,37.6593 ,31.0071 ,32.0383 ,42.6179 ,37.5161 ,36.0171 ,17.8246 ,45.4103 ,27.6623 ,41.8619 ,29.4093 ,32.4214 ,34.4567 ,38.0655 ,39.0020 ,28.5081 ,31.0927 
"2018.10.08_04",17.9320 ,17.7917 ,16.3004 ,17.3357 , ,37.6905 ,30.9163 ,32.6764 ,42.6250 ,37.5000 ,36.3740 ,17.4224 ,45.3085 ,28.4083 ,41.8125 ,30.2097 ,32.3115 ,34.5242 ,38.3488 ,39.0060 ,28.4062 ,31.3438 
"2018.10.08_05",17.6283 ,17.5175 ,16.4829 ,20.0934 , ,37.6875 ,30.7641 ,33.3054 ,42.6250 ,37.4970 ,36.7560 ,16.8691 ,45.2198 ,28.4264 ,41.8115 ,30.9133 ,32.2006 ,34.6230 ,38.6512 ,39.0091 ,28.2833 ,31.5262 
"2018.10.08_06",17.3524 ,17.2532 ,16.2591 ,21.3619 , ,37.6361 ,30.7016 ,33.6119 ,42.6310 ,37.5000 ,37.1028 ,16.5585 ,45.1331 ,26.6179 ,41.7893 ,28.9405 ,32.0796 ,34.7591 ,38.9708 ,39.0030 ,28.1522 ,31.4778 
"2018.10.08_07",17.2664 ,17.1864 ,15.4042 ,16.7742 , ,37.5867 ,30.6431 ,33.6280 ,42.6401 ,37.5000 ,37.2581 ,16.4093 ,45.0413 ,27.8921 ,41.8004 ,30.0272 ,31.9647 ,34.9274 ,39.2984 ,39.0040 ,28.0091 ,31.6139 
"2018.10.08_08",17.1843 ,17.1638 ,16.4555 ,20.7473 , ,37.5146 ,30.5572 ,34.0931 ,42.6496 ,37.5193 ,37.4960 ,16.3870 ,44.9688 ,29.2287 ,41.8265 ,31.2041 ,31.8684 ,35.1250 ,39.6423 ,39.0173 ,27.8690 ,31.8790 
"2018.10.08_09",17.0417 ,17.0011 ,16.6643 ,20.4062 , ,37.4194 ,30.3962 ,34.1946 ,42.6250 ,37.5312 ,37.6845 ,16.5101 ,44.8831 ,28.1925 ,41.8125 ,29.3639 ,31.7742 ,35.2611 ,39.8589 ,39.0000 ,27.7470 ,31.7732 
"2018.10.08_10",16.8631 ,16.8222 ,16.1331 ,16.5938 , ,37.3266 ,30.2026 ,34.2520 ,42.5998 ,37.5625 ,37.7863 ,16.2762 ,44.8085 ,29.7984 ,41.8125 ,30.8569 ,31.6310 ,35.4284 ,40.0988 ,38.9677 ,27.6149 ,31.8871 
"2018.10.08_11",16.6228 ,16.5787 ,15.9597 ,16.7127 , ,37.1714 ,30.0423 ,34.7177 ,42.5625 ,37.5867 ,37.9869 ,16.0423 ,44.7409 ,30.8962 ,41.8135 ,32.1613 ,31.4940 ,35.5776 ,40.3276 ,38.9375 ,27.4738 ,32.0423 
"2018.10.08_12",16.6390 ,16.6293 ,15.9778 ,17.1099 , ,36.9718 ,29.8831 ,35.3135 ,42.5171 ,37.6250 ,38.3054 ,15.9909 ,44.6865 ,31.7409 ,41.8427 ,33.1532 ,31.3438 ,35.7319 ,40.5474 ,38.9042 ,27.3216 ,32.1139 
"2018.10.08_13",16.6703 ,16.6843 ,16.1643 ,17.5272 , ,36.7450 ,29.7460 ,35.8992 ,42.5000 ,37.6562 ,38.6784 ,16.0877 ,44.6260 ,32.4083 ,41.8750 ,33.9657 ,31.2157 ,35.8800 ,40.7903 ,38.8750 ,27.1875 ,32.1250 
"2018.10.08_14",16.6864 ,16.7203 ,16.2036 ,17.6704 , ,36.4889 ,29.6210 ,36.4194 ,42.4587 ,37.6875 ,39.0665 ,16.1341 ,44.5645 ,33.0897 ,41.9012 ,34.6784 ,31.1008 ,36.0544 ,41.0645 ,38.8306 ,27.0786 ,32.1371 
"2018.10.08_15",16.7101 ,16.7425 ,16.2238 ,17.7913 , ,36.2399 ,29.4778 ,36.8921 ,42.4375 ,37.7087 ,39.4476 ,16.2087 ,44.5050 ,33.7379 ,41.9375 ,35.2752 ,31.0131 ,36.2450 ,41.3599 ,38.7994 ,26.9698 ,32.1875 
"2018.10.08_16",16.7263 ,16.7575 ,16.7988 ,22.6016 , ,35.9738 ,29.3216 ,37.2984 ,42.4375 ,37.7480 ,39.8085 ,16.2324 ,44.4506 ,34.0685 ,41.9919 ,35.5312 ,30.8982 ,36.4587 ,41.6673 ,38.7500 ,26.8498 ,32.1875 
"2018.10.08_17",16.7532 ,16.8060 ,16.7460 ,22.4909 , ,35.7591 ,29.2581 ,37.2298 ,42.4325 ,37.7500 ,40.0786 ,16.2308 ,44.4002 ,31.4536 ,42.0444 ,32.4315 ,30.8155 ,36.6764 ,41.9899 ,38.7056 ,26.7359 ,32.0857 
"2018.10.08_18",16.7468 ,16.8265 ,15.9808 ,17.0292 , ,35.5524 ,29.2641 ,36.9456 ,42.3831 ,37.7550 ,40.0706 ,16.1290 ,44.3357 ,32.9829 ,42.1069 ,33.7641 ,30.7782 ,36.9113 ,42.2964 ,38.6815 ,26.6492 ,32.2671 
"2018.10.08_19",16.7013 ,16.7754 ,15.7742 ,17.0383 , ,35.3542 ,29.1964 ,37.1786 ,42.3750 ,37.8036 ,40.1855 ,16.0292 ,44.2738 ,33.9256 ,42.1905 ,34.9187 ,30.7401 ,37.1161 ,42.5655 ,38.6260 ,26.5813 ,32.4484 
"2018.10.08_20",16.5916 ,16.6584 ,15.6109 ,17.3175 , ,35.1663 ,29.0948 ,37.6038 ,42.3750 ,37.8125 ,40.4204 ,15.8710 ,44.2147 ,34.6623 ,42.2792 ,35.7288 ,30.6825 ,37.2933 ,42.8185 ,38.5806 ,26.5554 ,32.5000 
"2018.10.08_21",16.5409 ,16.6121 ,15.5736 ,17.4627 , ,34.9919 ,28.9718 ,38.0423 ,42.3750 ,37.8125 ,40.7087 ,15.8236 ,44.1784 ,35.2863 ,42.3730 ,36.3669 ,30.6069 ,37.4536 ,43.0827 ,38.5524 ,26.5010 ,32.5000 
"2018.10.08_22",16.7134 ,16.8297 ,15.7056 ,18.2077 , ,34.8528 ,28.9375 ,38.4325 ,42.3871 ,37.8327 ,41.0252 ,15.9738 ,44.1250 ,35.7762 ,42.4718 ,36.8800 ,30.5625 ,37.6260 ,43.3528 ,38.5000 ,26.4516 ,32.4980 
"2018.10.08_23",16.8125 ,16.9192 ,15.8438 ,18.6280 , ,34.7077 ,28.9375 ,38.7792 ,42.4264 ,37.8750 ,41.3367 ,16.0958 ,44.0938 ,36.2258 ,42.5857 ,37.3075 ,30.5484 ,37.8085 ,43.6401 ,38.4607 ,26.4083 ,32.5000 
"2018.10.09_00",16.9025 ,17.0169 ,16.5723 ,23.3346 , ,34.5796 ,28.8982 ,39.0827 ,42.4375 ,37.8750 ,41.6331 ,16.2715 ,44.0625 ,36.5282 ,42.7006 ,37.5696 ,30.5232 ,38.0081 ,43.9304 ,38.4365 ,26.3750 ,32.5484 
"2018.10.09_01",17.0582 ,17.1724 ,16.7308 ,25.6371 , ,34.4758 ,28.8145 ,38.9315 ,42.4446 ,37.8750 ,41.8448 ,16.4486 ,44.0444 ,33.0323 ,42.8206 ,33.7329 ,30.5524 ,38.2097 ,44.2248 ,38.3851 ,26.3528 ,32.4335 
"2018.10.09_02",17.1681 ,17.2823 ,16.1583 ,18.7530 , ,34.4173 ,28.8397 ,38.5171 ,42.4970 ,37.8750 ,41.7661 ,16.5877 ,44.0000 ,34.2067 ,42.9466 ,34.9415 ,30.5625 ,38.4143 ,44.4899 ,38.3750 ,26.3206 ,32.6825 
"2018.10.09_03",17.2565 ,17.3621 ,16.0978 ,16.9909 , ,34.3679 ,28.9022 ,38.6956 ,42.5000 ,37.8841 ,41.8347 ,16.6825 ,44.0000 ,35.8206 ,43.0837 ,36.0544 ,30.5766 ,38.5827 ,44.7188 ,38.3266 ,26.3417 ,33.1714 
"2018.10.09_04",17.3082 ,17.4009 ,16.1512 ,16.5595 , ,34.3085 ,28.9587 ,39.0746 ,42.5363 ,37.9204 ,42.0423 ,16.7198 ,43.9950 ,36.4032 ,43.2359 ,36.8810 ,30.6210 ,38.7319 ,44.9244 ,38.3125 ,26.3750 ,33.5877 
"2018.10.09_05",17.3803 ,17.4703 ,16.2167 ,16.5000 , ,34.2520 ,29.0101 ,39.5020 ,42.5625 ,37.9375 ,42.3125 ,16.8266 ,43.9808 ,38.4798 ,43.3750 ,37.5524 ,30.6250 ,38.8700 ,45.1452 ,38.2812 ,26.3750 ,33.9204 
"2018.10.09_06",17.4397 ,17.5140 ,16.2681 ,16.5000 , ,34.1704 ,29.0786 ,39.9244 ,42.5988 ,37.9375 ,42.6139 ,16.9022 ,43.9849 ,36.5605 ,43.5242 ,38.1250 ,30.6250 ,39.0131 ,45.3730 ,38.2500 ,26.3942 ,34.1986 
"2018.10.09_07",17.5334 ,17.6153 ,16.4177 ,16.5992 , ,34.0706 ,29.1381 ,40.3256 ,42.6280 ,37.9446 ,42.9254 ,17.0506 ,44.0000 ,36.9808 ,43.6754 ,38.6270 ,30.6633 ,39.1845 ,45.6149 ,38.2500 ,26.4365 ,34.4405 
"2018.10.09_08",17.7101 ,17.8028 ,17.0694 ,20.8069 , ,34.1260 ,29.2278 ,40.7056 ,42.6855 ,37.9899 ,43.2399 ,17.4167 ,44.0000 ,37.3911 ,43.8175 ,39.0786 ,30.6875 ,39.3740 ,45.8669 ,38.2258 ,26.4456 ,34.6583 
"2018.10.09_09",18.0700 ,18.1929 ,17.9534 ,27.9757 , ,34.1774 ,29.3720 ,40.6240 ,42.7278 ,38.0000 ,43.4718 ,17.9347 ,44.0131 ,34.8780 ,43.9627 ,35.1583 ,30.7288 ,39.5776 ,46.1210 ,38.1885 ,26.4990 ,34.5081 
"2018.10.09_10",18.5752 ,18.6790 ,18.6371 ,20.4597 , ,34.2351 ,29.5893 ,40.1438 ,42.7639 ,38.0030 ,43.3889 ,18.7036 ,44.0625 ,36.3393 ,44.1091 ,36.2937 ,30.7639 ,39.7937 ,46.3413 ,38.1875 ,26.5357 ,34.4077 
"2018.10.09_11",18.9321 ,18.9925 ,19.1724 ,19.1966 , ,34.2883 ,29.8740 ,40.3165 ,42.8125 ,38.0554 ,43.4284 ,19.2117 ,44.0907 ,37.1825 ,44.2611 ,37.5192 ,30.8327 ,39.9849 ,46.5010 ,38.1875 ,26.5887 ,34.7349 
"2018.10.09_12",19.3718 ,19.3998 ,20.0413 ,19.1935 , ,34.3438 ,30.1996 ,40.7046 ,42.8448 ,38.0635 ,43.6361 ,19.8921 ,44.1522 ,37.7692 ,44.4254 ,38.3921 ,30.9032 ,40.1341 ,46.6452 ,38.1875 ,26.6653 ,35.0625 
"2018.10.09_13",19.8599 ,19.8481 ,21.1321 ,19.7026 , ,34.4224 ,30.4909 ,41.1331 ,42.8750 ,38.1099 ,43.9103 ,20.7248 ,44.2248 ,38.0988 ,44.5938 ,39.0847 ,31.0151 ,40.2792 ,46.8034 ,38.1875 ,26.7500 ,35.3589 
"2018.10.09_14",20.2295 ,20.1929 ,21.7808 ,20.2083 , ,34.5222 ,30.7379 ,41.5595 ,42.9224 ,38.1250 ,44.2177 ,21.3393 ,44.3296 ,38.2893 ,44.7671 ,39.6714 ,31.1502 ,40.4345 ,46.9728 ,38.1875 ,26.8498 ,35.6421 
"2018.10.09_15",20.5360 ,20.4569 ,22.0645 ,20.6089 , ,34.6169 ,30.9819 ,41.9627 ,42.9375 ,38.1633 ,44.5343 ,21.7480 ,44.4335 ,38.6331 ,44.9466 ,40.1794 ,31.2964 ,40.6018 ,47.1623 ,38.1875 ,26.9657 ,35.9103 
"2018.10.09_16",20.7748 ,20.5837 ,22.0554 ,20.8206 , ,34.7278 ,31.1139 ,42.3387 ,42.9889 ,38.1875 ,44.8468 ,21.9405 ,44.5262 ,39.0333 ,45.1058 ,40.6361 ,31.4627 ,40.7944 ,47.3700 ,38.1875 ,27.0907 ,36.1492 
"2018.10.09_17",20.7845 ,20.5862 ,19.5421 ,30.7809 , ,34.8438 ,31.2450 ,42.2409 ,43.0000 ,38.2429 ,45.0766 ,21.7526 ,44.6058 ,37.3609 ,45.2490 ,36.7087 ,31.6341 ,41.0050 ,47.5927 ,38.1875 ,27.2268 ,35.9879 
"2018.10.09_18",20.5733 ,20.4440 ,19.7157 ,22.9698 , ,34.8367 ,31.2500 ,41.6552 ,43.0363 ,38.2671 ,44.9224 ,21.0998 ,44.6643 ,38.4234 ,45.3750 ,37.6804 ,31.8054 ,41.2198 ,47.7994 ,38.1875 ,27.3679 ,35.7883 
"2018.10.09_19",20.2996 ,20.2360 ,19.1825 ,20.7198 , ,34.9637 ,31.2500 ,41.7702 ,43.0625 ,38.3196 ,44.9123 ,20.5927 ,44.7107 ,39.0766 ,45.5071 ,38.9304 ,31.9123 ,41.4052 ,47.9556 ,38.1875 ,27.4899 ,36.0312 
"2018.10.09_20",20.1552 ,20.0873 ,18.9688 ,19.8417 , ,35.0565 ,31.2601 ,42.1230 ,43.1089 ,38.3780 ,45.0786 ,20.2863 ,44.7581 ,39.6673 ,45.6411 ,39.8115 ,31.9869 ,41.5534 ,48.1058 ,38.1875 ,27.5927 ,36.2692 
"2018.10.09_21",20.0953 ,20.0689 ,19.0268 ,19.5010 , ,35.1774 ,31.3427 ,42.5272 ,43.1512 ,38.4435 ,45.3216 ,20.1855 ,44.8175 ,40.1583 ,45.7792 ,40.4919 ,32.0242 ,41.6875 ,48.2702 ,38.1875 ,27.6714 ,36.4698 
"2018.10.09_22",19.9278 ,19.9494 ,18.6391 ,19.2308 , ,35.2954 ,31.4284 ,42.9123 ,43.2097 ,38.5020 ,45.5857 ,19.9808 ,44.8760 ,40.5837 ,45.9183 ,41.0423 ,32.0877 ,41.8306 ,48.4597 ,38.1915 ,27.7440 ,36.6331 
"2018.10.09_23",19.7274 ,19.7726 ,18.2702 ,18.9224 , ,35.4073 ,31.4839 ,43.2752 ,43.2712 ,38.5716 ,45.8679 ,19.6462 ,44.9405 ,41.0373 ,46.0585 ,41.5071 ,32.1250 ,41.9960 ,48.6633 ,38.2429 ,27.7974 ,36.7681 
"2018.10.10_00",19.5862 ,19.6476 ,18.0534 ,18.6986 , ,35.5040 ,31.5565 ,43.6091 ,43.3423 ,38.6389 ,46.1438 ,19.3982 ,45.0020 ,41.4821 ,46.2034 ,41.9107 ,32.1250 ,42.1835 ,48.8839 ,38.2500 ,27.8135 ,36.8899 
"2018.10.10_01",19.6907 ,19.7091 ,18.2566 ,30.7145 , ,35.5968 ,31.6845 ,43.4990 ,43.4183 ,38.7067 ,46.3427 ,19.4849 ,45.0726 ,39.0282 ,46.3558 ,37.9052 ,32.1250 ,42.3851 ,49.1079 ,38.2702 ,27.8669 ,36.6583 
"2018.10.10_02",19.8496 ,19.8157 ,18.7651 ,21.9456 , ,35.6875 ,31.9879 ,42.8478 ,43.5020 ,38.7671 ,46.1502 ,19.6956 ,45.1502 ,40.1583 ,46.5030 ,38.7349 ,32.1331 ,42.5857 ,49.2913 ,38.3125 ,27.9002 ,36.4456 
"2018.10.10_03",19.9256 ,19.8909 ,18.9163 ,20.0101 , ,35.7671 ,32.3004 ,42.9516 ,43.5827 ,38.8327 ,46.1079 ,19.8075 ,45.2298 ,40.9052 ,46.6673 ,40.0675 ,32.1875 ,42.7520 ,49.4042 ,38.3417 ,27.9375 ,36.7127 
"2018.10.10_04",19.9968 ,19.9946 ,19.1091 ,19.5476 , ,35.8125 ,32.5413 ,43.3115 ,43.6532 ,38.8972 ,46.2671 ,19.9375 ,45.3266 ,41.5202 ,46.8266 ,40.9677 ,32.2117 ,42.8730 ,49.5121 ,38.3750 ,27.9375 ,36.9536 
"2018.10.10_05",19.9343 ,19.9731 ,18.8286 ,19.2883 , ,35.8125 ,32.5938 ,43.6986 ,43.7298 ,38.9708 ,46.5020 ,19.8569 ,45.4163 ,42.0353 ,46.9859 ,41.6300 ,32.2782 ,42.9889 ,49.6381 ,38.4153 ,27.9375 ,37.1250 
"2018.10.10_06",19.9116 ,19.9203 ,18.7198 ,19.1321 , ,35.8821 ,32.6250 ,44.0756 ,43.8165 ,39.0413 ,46.7631 ,19.8034 ,45.5141 ,42.5474 ,47.1351 ,42.1542 ,32.3427 ,43.1119 ,49.7974 ,38.4375 ,27.9375 ,37.2772 
"2018.10.10_07",19.9644 ,19.9709 ,18.8095 ,19.0827 , ,35.9728 ,32.6875 ,44.4234 ,43.9052 ,39.1099 ,47.0353 ,19.8286 ,45.6008 ,43.0312 ,47.2833 ,42.6008 ,32.3851 ,43.2560 ,49.9677 ,38.4899 ,27.9375 ,37.4224 
"2018.10.10_08",20.0487 ,20.0248 ,19.2026 ,19.1966 , ,36.0565 ,32.8831 ,44.7490 ,43.9859 ,39.1815 ,47.3095 ,20.0202 ,45.7046 ,43.4607 ,47.4365 ,42.9728 ,32.4365 ,43.4264 ,50.1522 ,38.5060 ,27.9647 ,37.5605 
"2018.10.10_09",20.1897 ,20.1487 ,19.2118 ,31.4579 , ,36.1482 ,33.0938 ,44.6573 ,44.0857 ,39.2470 ,47.5121 ,20.3941 ,45.8034 ,41.1149 ,47.5857 ,39.1683 ,32.4385 ,43.6038 ,50.3397 ,38.5615 ,27.9879 ,37.3750 
"2018.10.10_10",20.5392 ,20.4227 ,21.2319 ,23.4688 , ,36.2298 ,33.2923 ,43.9234 ,44.1633 ,39.3095 ,47.2833 ,21.4123 ,45.9093 ,41.8286 ,47.7440 ,39.6754 ,32.4778 ,43.7954 ,50.4950 ,38.5907 ,27.9970 ,37.1361 
"2018.10.10_11",21.0690 ,20.8707 ,23.8036 ,22.3135 , ,36.3246 ,33.5464 ,44.0161 ,44.2530 ,39.3649 ,47.2117 ,22.8264 ,46.0242 ,42.4365 ,47.9345 ,41.0675 ,32.5696 ,43.9476 ,50.5736 ,38.6270 ,28.0746 ,37.4486 
"2018.10.10_12",21.3890 ,21.1562 ,24.9093 ,22.6220 , ,36.4153 ,33.7238 ,44.3810 ,44.3286 ,39.4194 ,47.3609 ,23.6179 ,46.1431 ,42.6925 ,48.1089 ,42.0181 ,32.7188 ,44.0464 ,50.6331 ,38.6845 ,28.1885 ,37.7631 
"2018.10.10_13",21.9461 ,21.6282 ,27.0363 ,25.4093 , ,36.5373 ,33.8327 ,44.8085 ,44.3982 ,39.4748 ,47.6129 ,25.9667 ,46.2863 ,42.6099 ,48.3165 ,42.7389 ,32.8296 ,44.1462 ,50.7087 ,38.7188 ,28.3306 ,38.0534 
"2018.10.10_14",21.9661 ,21.6790 ,28.0726 ,24.7177 , ,36.6552 ,33.9062 ,45.2107 ,44.4637 ,39.5282 ,47.8871 ,25.3851 ,46.4486 ,42.8800 ,48.5181 ,43.2833 ,32.9073 ,44.2540 ,50.8054 ,38.7581 ,28.5192 ,38.3125 
"2018.10.10_15",21.8847 ,21.6024 ,25.3266 ,23.5494 , ,36.7808 ,33.9782 ,45.5823 ,44.5238 ,39.5804 ,48.1756 ,24.5605 ,46.6121 ,43.4196 ,48.6925 ,43.7341 ,33.0347 ,44.3829 ,50.9395 ,38.8115 ,28.6438 ,38.5327 
"2018.10.10_16",22.0205 ,21.7252 ,24.0968 ,23.0171 , ,36.9012 ,34.0161 ,45.9002 ,44.5917 ,39.6431 ,48.4456 ,24.1986 ,46.7621 ,44.1764 ,48.8367 ,44.1149 ,33.2016 ,44.5423 ,51.0927 ,38.8498 ,28.7308 ,38.7087 
"2018.10.10_17",21.9655 ,21.7338 ,20.4467 ,33.0842 , ,37.0222 ,34.0030 ,45.8085 ,44.6552 ,39.7107 ,48.6371 ,23.7171 ,46.9022 ,42.9567 ,48.9556 ,40.3955 ,33.4002 ,44.7137 ,51.2671 ,38.8780 ,28.8448 ,38.5575 
"2018.10.10_18",21.7231 ,21.5269 ,20.8611 ,25.0357 , ,37.1411 ,34.0726 ,44.9698 ,44.7167 ,39.7722 ,48.3690 ,22.7708 ,47.0262 ,43.4365 ,49.0766 ,40.7278 ,33.5615 ,44.8942 ,51.4163 ,38.9375 ,28.9768 ,38.2440 
"2018.10.10_19",21.4725 ,21.3400 ,20.4647 ,22.1200 , ,37.2591 ,34.1895 ,45.0242 ,44.7823 ,39.8438 ,48.2571 ,22.0827 ,47.1462 ,44.1653 ,49.2137 ,42.0948 ,33.6613 ,45.0444 ,51.4980 ,38.9808 ,29.0917 ,38.4798 
"2018.10.10_20",21.2500 ,21.1239 ,20.0988 ,21.0917 , ,37.3679 ,34.4012 ,45.3720 ,44.8558 ,39.9264 ,48.3810 ,21.5887 ,47.2671 ,44.5111 ,49.3558 ,42.9829 ,33.6875 ,45.1492 ,51.5746 ,39.0212 ,29.1583 ,38.6895 
"2018.10.10_21",21.1056 ,21.0377 ,19.8377 ,20.5927 , ,37.4627 ,34.5988 ,45.7591 ,44.9516 ,40.0202 ,48.5927 ,21.2823 ,47.3821 ,44.9778 ,49.5020 ,43.6220 ,33.7046 ,45.2349 ,51.6623 ,39.0696 ,29.1875 ,38.8448 
"2018.10.10_22",21.0636 ,21.0000 ,19.9083 ,20.3972 , ,37.5363 ,34.6956 ,46.1169 ,45.0393 ,40.0978 ,48.8417 ,21.2198 ,47.5010 ,45.3337 ,49.6361 ,44.1210 ,33.7490 ,45.3427 ,51.7853 ,39.1280 ,29.1875 ,38.9778 
"2018.10.10_23",21.0765 ,21.0000 ,20.1169 ,20.3952 , ,37.6058 ,34.8690 ,46.4526 ,45.1421 ,40.1804 ,49.0978 ,21.2450 ,47.6190 ,45.4889 ,49.7984 ,44.5292 ,33.7500 ,45.4657 ,51.9294 ,39.1885 ,29.1492 ,39.1018 
"2018.10.11_00",20.9989 ,20.9015 ,20.0736 ,20.3327 , ,37.6724 ,35.0272 ,46.7571 ,45.2520 ,40.2671 ,49.3538 ,21.1532 ,47.7500 ,45.5887 ,49.9617 ,44.8760 ,33.7339 ,45.6129 ,52.0756 ,39.2470 ,29.1069 ,39.2188 
"2018.10.11_01",21.0140 ,20.9450 ,19.2962 ,32.1686 , ,37.7349 ,35.1502 ,46.7056 ,45.3589 ,40.3438 ,49.5554 ,21.2832 ,47.8760 ,44.0060 ,50.1351 ,41.3810 ,33.6875 ,45.7671 ,52.2389 ,39.3135 ,29.0464 ,39.0635 
"2018.10.11_02",21.0625 ,20.9989 ,20.0817 ,24.2107 , ,37.7812 ,35.2036 ,45.8075 ,45.4688 ,40.4083 ,49.2621 ,21.2893 ,48.0131 ,44.3901 ,50.2823 ,41.3085 ,33.7329 ,45.9365 ,52.3659 ,39.3720 ,28.9980 ,38.7278 
"2018.10.11_03",21.0571 ,20.9946 ,20.2107 ,21.6038 , ,37.8296 ,35.1804 ,45.8256 ,45.5675 ,40.4798 ,49.1210 ,21.2681 ,48.1431 ,44.9940 ,50.4264 ,42.7329 ,33.7954 ,46.0675 ,52.4365 ,39.4375 ,28.9476 ,38.9768 
"2018.10.11_04",21.0528 ,21.0000 ,20.2873 ,20.8992 , ,37.8760 ,35.2268 ,46.1734 ,45.6673 ,40.5645 ,49.2177 ,21.2571 ,48.2712 ,45.5202 ,50.5948 ,43.6754 ,33.8125 ,46.1472 ,52.4698 ,39.4950 ,28.9375 ,39.2026 
"2018.10.11_05",21.0731 ,21.0403 ,20.2339 ,20.6139 , ,37.9286 ,35.1994 ,46.5496 ,45.7778 ,40.6448 ,49.4187 ,21.2389 ,48.4018 ,46.2321 ,50.7530 ,44.3452 ,33.8720 ,46.2212 ,52.5407 ,39.5575 ,28.9306 ,39.3690 
"2018.10.11_06",21.1207 ,21.0625 ,20.2258 ,20.4778 , ,37.9607 ,35.1663 ,46.9002 ,45.8790 ,40.7208 ,49.6633 ,21.2440 ,48.5333 ,46.6371 ,50.8921 ,44.8609 ,33.9476 ,46.3115 ,52.6552 ,39.6169 ,28.9375 ,39.5101 
"2018.10.11_07",21.1703 ,21.0970 ,20.3569 ,20.4839 , ,38.0010 ,35.3065 ,47.2268 ,45.9909 ,40.7954 ,49.9123 ,21.3206 ,48.6603 ,46.8054 ,51.0464 ,45.2571 ,34.0000 ,46.4244 ,52.7843 ,39.6714 ,28.9385 ,39.6442 
"2018.10.11_08",21.2231 ,21.1509 ,20.6159 ,20.5786 , ,38.0514 ,35.4536 ,47.5192 ,46.1038 ,40.8740 ,50.1633 ,21.4657 ,48.7863 ,46.9869 ,51.1976 ,45.5867 ,34.0363 ,46.5635 ,52.9264 ,39.7319 ,28.9435 ,39.7772 
"2018.10.11_09",21.3890 ,21.2888 ,19.8620 ,32.6081 , ,38.0917 ,35.6018 ,47.4768 ,46.2208 ,40.9395 ,50.3518 ,21.8346 ,48.9214 ,45.6956 ,51.3579 ,42.2611 ,34.0696 ,46.7147 ,53.0736 ,39.7913 ,28.9788 ,39.6482 
"2018.10.11_10",21.5916 ,21.4763 ,21.2238 ,25.2268 , ,38.1260 ,35.6825 ,46.5192 ,46.3317 ,41.0040 ,50.0403 ,22.1694 ,49.0575 ,45.8175 ,51.4919 ,41.9415 ,34.1593 ,46.8730 ,53.2067 ,39.8508 ,29.0000 ,39.3054 
"2018.10.11_11",21.8556 ,21.6983 ,21.8911 ,22.7440 , ,38.1835 ,35.7480 ,46.4929 ,46.4294 ,41.0615 ,49.8710 ,22.5403 ,49.1815 ,46.5575 ,51.6179 ,43.3931 ,34.2923 ,47.0040 ,53.2500 ,39.9073 ,29.0504 ,39.5948 
"2018.10.11_12",21.6525 ,21.5614 ,21.3448 ,21.5252 , ,38.2480 ,35.6935 ,46.8256 ,46.5302 ,41.1321 ,49.9365 ,21.9597 ,49.3075 ,47.1542 ,51.7440 ,44.2520 ,34.3528 ,47.0726 ,53.2812 ,39.9627 ,29.0635 ,39.8619 
"2018.10.11_13",21.3405 ,21.2845 ,20.8448 ,20.8377 , ,38.3488 ,34.9940 ,47.2016 ,46.6321 ,41.2077 ,50.1310 ,21.4163 ,49.4294 ,47.5151 ,51.8740 ,44.8367 ,34.2490 ,47.1361 ,53.3357 ,40.0202 ,29.0635 ,40.0524 
"2018.10.11_14",21.4968 ,21.4407 ,21.0171 ,20.9173 , ,38.3438 ,34.6704 ,47.5806 ,46.7369 ,41.2802 ,50.3730 ,21.5696 ,49.5595 ,47.1119 ,52.0565 ,45.4556 ,34.1462 ,47.2157 ,53.4163 ,40.0847 ,29.0625 ,40.2067 
"2018.10.11_15",21.5409 ,21.5797 ,20.8864 ,20.8551 , ,38.0057 ,34.1051 ,47.8565 ,46.8352 ,41.3409 ,50.5881 ,21.4588 ,49.6761 ,47.4943 ,52.2173 ,45.7940 ,34.2244 ,47.3111 ,53.5185 ,40.1278 ,70.2961 ,40.3111 
"2018.10.11_16",21.6509 ,21.6886 , , , , , , , , , , , , , , , , , , , , 
"2018.10.11_17",21.5434 ,21.6186 , , , , , , , , , , , , , , , , , , , , 
"2018.10.11_18",21.3890 ,21.4688 , , , , , , , , , , , , , , , , , , , , 
"2018.10.11_19",21.2834 ,21.3502 , , , , , , , , , , , , , , , , , , , , 
"2018.10.11_20",21.1983 ,21.2942 , , , , , , , , , , , , , , , , , , , , 
"2018.10.11_21",21.1293 ,21.2500 , , , , , , , , , , , , , , , , , , , , 
"2018.10.11_22",21.0572 ,21.2193 , , , , , , , , , , , , , , , , , , , , 
"2018.10.11_23",20.7219 ,20.9672 , , , , , , , , , , , , , , , , , , , , 
"2018.10.12_07",16.2685 ,17.2078 ,16.5959 ,33.0848 , ,37.3308 ,34.5122 ,47.3750 ,48.9162 ,42.7180 ,50.6220 ,13.7089 , , , ,40.3155 ,33.1250 ,48.4070 ,53.7912 ,41.0808 , ,39.0869 
